1,other,6,5,139
2,male,5,4,155
3,male,6,8,196
4,other,5,4,173
5,other,6,5,172
6,male,6,4,187
7,other,6,10,149
8,female,6,6,174
9,other,5,11,135
10,male,5,4,155
11,other,5,8,143
12,other,6,0,197
13,other,5,7,153
14,female,5,9,152
15,female,5,9,185
16,female,6,2,135
17,other,6,10,174
18,other,5,0,168
19,other,5,10,163
20,male,5,6,161
21,female,6,0,168
22,other,5,1,176
23,other,6,0,156
24,female,5,5,151
25,female,5,6,161
26,other,6,1,132
27,male,6,2,192
28,other,5,10,144
29,male,5,1,172
30,male,6,1,199
31,female,5,5,194
32,female,5,4,197
33,female,6,0,196
34,male,6,0,193
35,female,5,3,185
36,female,5,5,142
37,other,5,7,199
38,male,5,11,179
39,male,6,3,151
40,other,6,11,191
41,other,5,10,176
42,other,6,1,137
43,male,6,2,174
44,female,5,9,148
45,other,6,3,200
46,male,6,0,182
47,male,5,7,181
48,other,5,3,173
49,female,6,8,151
50,female,6,5,134
51,other,5,9,196
52,male,6,0,137
53,female,6,5,197
54,male,6,2,152
55,female,5,11,181
56,female,5,9,182
57,other,6,9,168
58,female,6,2,136
59,male,5,3,182
60,female,6,6,195
61,male,6,11,192
62,female,5,1,163
63,male,5,1,188
64,female,5,2,194
65,other,5,0,195
66,female,5,9,173
67,other,5,4,149
68,other,5,0,198
69,other,5,0,153
70,female,5,0,130
71,other,5,10,180
72,male,5,5,183
73,other,5,8,137
74,female,6,10,161
75,female,5,3,135
76,female,5,5,143
77,other,5,8,186
78,other,5,5,173
79,other,6,11,146
80,male,6,6,146
81,female,6,11,187
82,male,6,3,200
83,male,6,9,147
84,male,5,3,191
85,female,6,2,158
86,male,5,2,139
87,male,5,4,162
88,other,6,3,145
89,female,5,7,155
90,other,5,8,172
91,male,6,1,178
92,other,5,7,157
93,male,5,11,148
94,other,6,1,142
95,male,6,8,139
96,male,5,4,136
97,other,6,4,167
98,male,6,5,200
99,male,5,11,170
100,female,6,1,166
101,female,5,10,139
102,female,5,3,179
103,other,6,2,137
104,other,5,9,158
105,other,5,11,131
106,other,6,11,150
107,male,6,10,195
108,other,6,7,178
109,other,6,4,162
110,female,5,7,139
111,female,6,9,199
112,male,5,11,188
113,female,5,8,145
114,other,5,6,164
115,female,5,6,177
116,male,6,8,161
117,female,6,1,197
118,male,5,6,172
119,other,6,4,188
120,female,5,2,200
121,other,5,5,132
122,male,6,9,169
123,female,6,8,136
124,female,5,7,161
125,male,5,6,163
126,other,5,2,142
127,male,6,10,172
128,male,5,10,176
129,female,6,11,191
130,female,5,9,170
131,male,6,11,141
132,male,5,11,177
133,male,5,4,194
134,male,6,8,194
135,male,6,2,152
136,other,5,9,184
137,other,6,10,161
138,other,6,11,151
139,male,5,0,184
140,other,5,10,158
141,male,6,0,178
142,other,5,0,139
143,other,5,5,170
144,male,5,11,152
145,male,6,1,184
146,male,6,8,183
147,male,6,5,134
148,other,6,4,142
149,female,6,3,166
150,other,6,1,193
151,female,6,2,169
152,male,5,11,143
153,male,5,3,195
154,other,5,2,162
155,male,5,9,165
156,other,5,5,200
157,male,5,11,188
158,female,6,3,151
159,male,6,6,178
160,female,6,1,143
161,other,6,2,186
162,other,6,5,190
163,male,6,6,175
164,male,5,8,191
165,male,6,0,171
166,male,6,0,161
167,female,6,0,147
168,female,5,0,151
169,male,5,4,133
170,female,6,0,192
171,female,5,7,189
172,female,6,7,181
173,male,5,6,166
174,male,6,2,146
175,male,6,6,185
176,female,5,0,147
177,male,6,7,176
178,male,5,6,198
179,other,5,2,160
180,other,6,0,172
181,male,5,0,194
182,male,5,2,152
183,other,6,2,189
184,female,6,6,185
185,other,5,3,133
186,other,6,8,149
187,male,6,0,155
188,male,5,8,155
189,other,6,4,160
190,male,5,3,175
191,other,5,3,135
192,female,6,1,150
193,female,6,11,159
194,female,6,4,188
195,female,5,3,142
196,male,5,1,148
197,other,6,0,172
198,female,5,11,148
199,male,5,2,200
200,male,5,3,171
201,male,6,2,142
202,female,5,8,188
203,other,5,2,155
204,female,6,2,165
205,other,6,5,192
206,female,6,1,160
207,other,5,8,153
208,male,6,8,179
209,female,5,0,172
210,female,6,4,186
211,other,6,10,176
212,male,6,4,175
213,female,6,0,184
214,male,6,9,131
215,other,6,8,195
216,male,6,9,196
217,other,5,7,169
218,male,6,9,142
219,other,6,9,164
220,male,6,0,161
221,female,5,8,183
222,female,6,2,186
223,female,5,0,169
224,female,5,0,175
225,male,6,8,145
226,male,6,2,171
227,female,6,6,159
228,male,5,6,156
229,male,5,6,146
230,male,6,2,192
231,male,5,1,159
232,male,5,8,160
233,other,5,7,196
234,male,5,11,200
235,female,5,1,186
236,other,5,4,164
237,other,5,11,150
238,male,6,10,137
239,female,5,1,137
240,female,5,4,151
241,other,5,9,144
242,other,5,2,136
243,female,5,8,177
244,other,6,2,131
245,female,5,2,140
246,other,6,11,131
247,female,6,2,155
248,male,6,10,154
249,female,6,1,192
250,male,6,7,174
251,female,6,4,199
252,male,6,7,155
253,male,5,11,156
254,male,5,4,144
255,other,5,0,200
256,female,6,4,171
257,female,6,11,200
258,other,6,0,182
259,other,6,1,161
260,male,6,0,141
261,other,5,5,169
262,female,5,6,144
263,other,6,0,154
264,female,5,8,192
265,other,6,3,135
266,female,6,3,174
267,other,6,8,184
268,female,6,4,188
269,other,6,2,196
270,female,6,0,135
271,other,5,1,159
272,other,5,0,149
273,other,6,5,196
274,other,6,9,134
275,male,6,3,147
276,male,6,1,162
277,other,5,5,197
278,other,5,6,138
279,other,5,11,140
280,other,6,9,193
281,male,5,5,130
282,male,5,10,191
283,other,6,10,140
284,female,6,3,146
285,other,6,0,178
286,female,5,11,163
287,female,5,4,175
288,male,6,1,167
289,other,6,11,172
290,male,6,8,131
291,other,6,7,159
292,male,5,11,189
293,male,5,10,189
294,male,5,0,151
295,other,6,4,168
296,male,6,8,168
297,female,6,11,147
298,female,6,5,152
299,other,6,1,173
300,male,6,9,174
301,female,5,1,185
302,other,6,10,168
303,male,6,0,193
304,other,6,11,191
305,female,5,1,142
306,other,6,4,197
307,male,6,10,199
308,female,6,3,173
309,male,6,7,160
310,other,5,8,149
311,male,6,8,175
312,male,5,0,155
313,male,6,2,142
314,male,5,11,178
315,male,6,4,174
316,other,6,3,131
317,other,6,10,186
318,female,6,0,188
319,female,5,1,185
320,male,5,0,153
321,female,6,1,166
322,male,6,8,192
323,female,5,3,146
324,male,5,10,136
325,male,5,9,178
326,other,6,10,139
327,other,5,4,158
328,female,5,10,200
329,male,6,10,182
330,other,5,3,169
331,male,5,0,185
332,female,5,3,154
333,female,5,2,171
334,male,5,7,167
335,other,6,2,185
336,female,6,6,160
337,other,5,2,180
338,male,6,0,137
339,female,5,4,160
340,female,5,10,157
341,female,5,4,170
342,female,5,0,199
343,male,5,7,132
344,male,5,2,144
345,female,5,3,168
346,male,5,8,196
347,female,6,10,130
348,male,5,0,148
349,female,6,9,158
350,male,6,7,164
351,male,5,6,183
352,male,6,3,145
353,other,5,4,169
354,male,5,2,179
355,male,5,9,141
356,other,5,11,180
357,female,6,10,173
358,male,5,2,143
359,male,5,7,142
360,other,5,4,175
361,other,5,4,189
362,other,5,10,183
363,female,6,4,159
364,other,6,10,158
365,female,5,5,187
366,female,6,7,174
367,male,6,9,178
368,male,6,8,163
369,other,6,2,143
370,other,5,11,180
371,male,6,5,133
372,female,5,3,144
373,female,6,3,131
374,female,5,11,161
375,male,6,3,164
376,other,5,0,181
377,female,5,5,132
378,other,6,10,157
379,male,6,9,192
380,male,5,9,176
381,female,6,1,176
382,female,5,8,182
383,female,5,5,158
384,male,6,3,151
385,other,6,8,184
386,female,5,8,192
387,female,5,5,180
388,female,5,6,163
389,male,6,3,177
390,male,6,2,177
391,male,6,10,179
392,female,6,6,192
393,female,6,10,191
394,male,6,1,194
395,male,5,7,130
396,other,6,0,141
397,other,5,11,144
398,female,6,11,192
399,male,6,11,143
400,male,5,9,133
401,other,5,8,155
402,female,5,6,130
403,female,5,3,161
404,female,5,5,154
405,male,5,10,132
406,female,6,9,188
407,other,6,0,151
408,other,6,3,198
409,female,6,0,141
410,female,5,1,195
411,other,6,0,172
412,other,6,5,149
413,male,6,10,190
414,other,5,6,188
415,male,5,9,138
416,male,6,7,192
417,other,6,3,184
418,female,6,1,143
419,other,6,2,143
420,male,6,5,139
421,female,5,4,145
422,female,5,8,186
423,other,6,11,146
424,other,5,7,175
425,other,6,10,166
426,female,5,3,197
427,other,6,6,188
428,other,5,3,172
429,other,5,1,196
430,male,5,11,162
431,other,6,1,157
432,male,5,4,194
433,female,5,5,138
434,other,6,6,131
435,other,5,5,140
436,female,5,5,139
437,other,5,0,168
438,male,5,1,197
439,female,6,8,163
440,other,5,2,143
441,female,5,7,180
442,female,5,8,191
443,other,5,6,197
444,other,6,4,199
445,other,6,5,153
446,male,5,1,164
447,other,6,7,146
448,other,5,7,172
449,other,5,9,151
450,other,6,9,198
451,other,5,0,175
452,female,6,8,142
453,female,6,0,178
454,other,5,2,163
455,other,5,4,166
456,female,6,11,150
457,female,6,4,200
458,other,6,0,166
459,female,5,10,146
460,female,5,6,156
461,other,5,4,142
462,male,5,1,153
463,male,6,1,176
464,female,5,6,153
465,other,5,10,137
466,male,5,7,161
467,other,6,10,187
468,male,5,11,182
469,female,5,2,174
470,male,5,7,188
471,other,6,6,185
472,other,5,0,188
473,female,5,7,153
474,male,5,7,168
475,other,6,10,179
476,male,6,5,187
477,male,6,6,171
478,male,5,0,130
479,other,5,11,166
480,other,6,3,167
481,other,5,8,164
482,male,5,4,130
483,female,6,8,134
484,male,6,1,168
485,male,5,11,184
486,male,5,6,151
487,male,6,4,182
488,other,6,5,183
489,other,5,9,182
490,male,5,6,197
491,female,6,0,177
492,male,5,1,180
493,male,6,3,134
494,other,5,1,174
495,female,6,3,158
496,male,5,5,172
497,male,5,0,177
498,female,6,9,177
499,other,6,3,142
500,female,6,7,181
501,male,6,5,163
502,female,5,3,133
503,female,5,10,170
504,female,5,2,143
505,male,5,3,148
506,female,6,0,140
507,male,5,10,148
508,female,6,4,160
509,male,6,0,193
510,female,5,10,169
511,other,5,11,167
512,male,6,0,137
513,male,6,3,187
514,female,5,0,146
515,female,5,8,164
516,other,6,4,142
517,other,6,6,178
518,other,5,4,160
519,other,6,8,195
520,male,6,7,178
521,other,5,5,179
522,male,5,2,173
523,other,5,9,195
524,male,5,10,189
525,male,5,7,144
526,other,6,8,174
527,other,5,5,163
528,other,5,8,179
529,other,5,7,168
530,female,5,4,133
531,male,6,9,163
532,other,5,11,139
533,female,6,7,172
534,other,5,5,152
535,male,5,8,162
536,female,5,3,149
537,male,6,3,144
538,male,5,1,178
539,female,5,8,167
540,female,6,8,172
541,other,6,1,158
542,other,6,6,177
543,male,5,8,163
544,male,5,11,182
545,male,5,0,195
546,female,6,3,193
547,male,6,3,130
548,female,6,1,158
549,female,5,6,130
550,male,5,3,159
551,other,5,11,167
552,male,6,4,193
553,other,5,3,147
554,female,6,2,167
555,female,5,11,166
556,male,5,6,142
557,male,5,8,155
558,male,5,9,153
559,female,6,6,191
560,female,5,4,135
561,female,5,7,197
562,other,5,8,188
563,female,6,0,192
564,female,5,1,164
565,male,5,8,200
566,male,6,6,155
567,male,5,3,199
568,other,6,9,151
569,female,5,11,162
570,other,5,2,138
571,female,6,0,158
572,other,5,10,173
573,male,6,4,192
574,other,5,4,179
575,female,5,10,193
576,other,5,0,193
577,other,5,2,179
578,female,6,3,172
579,other,5,9,149
580,other,5,8,166
581,other,5,8,183
582,male,5,7,139
583,male,6,7,196
584,female,5,9,172
585,female,5,11,179
586,male,6,11,171
587,female,6,8,193
588,other,6,3,195
589,other,5,0,198
590,female,5,5,149
591,female,6,1,193
592,other,6,7,135
593,female,5,1,143
594,male,6,0,182
595,female,6,3,179
596,male,5,6,150
597,male,6,8,131
598,female,5,9,197
599,other,5,6,168
600,male,6,6,154
601,other,5,6,136
602,female,5,6,134
603,male,6,9,177
604,male,6,1,155
605,male,6,4,146
606,male,5,7,146
607,other,5,2,164
608,male,5,3,142
609,other,6,5,156
610,male,6,8,140
611,male,6,10,161
612,other,5,9,173
613,other,5,1,140
614,female,6,11,155
615,female,5,8,134
616,male,5,2,197
617,other,6,8,168
618,female,5,2,136
619,male,5,11,167
620,other,6,11,161
621,other,5,8,198
622,female,6,6,130
623,other,6,3,168
624,male,6,10,176
625,female,6,9,144
626,female,5,11,173
627,female,6,11,176
628,other,6,10,160
629,other,5,1,166
630,male,5,11,137
631,male,6,8,136
632,male,5,11,167
633,male,6,7,164
634,other,5,8,178
635,other,6,0,154
636,male,6,1,146
637,male,6,11,147
638,male,6,2,200
639,other,5,11,175
640,other,5,3,144
641,other,5,0,165
642,female,6,9,143
643,female,5,1,141
644,male,6,10,189
645,male,6,2,196
646,female,6,9,134
647,other,6,2,151
648,female,5,11,134
649,other,5,1,153
650,other,5,10,158
651,other,6,5,172
652,other,6,4,160
653,female,6,0,162
654,male,5,10,131
655,other,6,10,193
656,female,6,10,190
657,male,5,11,159
658,male,6,3,131
659,male,5,10,178
660,male,6,8,130
661,female,6,7,138
662,male,5,0,192
663,female,6,1,172
664,other,6,4,149
665,other,6,0,159
666,female,6,10,132
667,other,5,4,186
668,other,5,4,177
669,female,5,2,165
670,other,6,8,145
671,male,6,3,149
672,male,5,7,150
673,other,6,6,179
674,other,6,9,151
675,other,6,6,156
676,other,6,6,169
677,other,6,9,186
678,female,6,11,151
679,male,6,11,137
680,male,5,6,178
681,other,5,7,154
682,male,5,8,181
683,other,6,3,200
684,male,5,9,140
685,female,5,0,139
686,female,6,1,174
687,other,6,5,189
688,male,6,3,190
689,female,5,4,183
690,other,5,3,143
691,female,5,7,163
692,female,5,5,184
693,other,6,5,195
694,other,5,8,141
695,male,5,11,169
696,female,5,5,161
697,other,6,0,175
698,male,6,6,176
699,other,5,3,195
700,male,6,4,145
701,female,6,6,158
702,other,5,9,140
703,male,6,10,154
704,other,6,3,151
705,female,5,8,174
706,male,6,11,138
707,male,6,10,133
708,female,6,6,145
709,male,6,7,137
710,male,6,8,151
711,male,5,0,179
712,female,5,7,134
713,male,6,2,199
714,female,6,1,170
715,female,6,5,197
716,female,6,4,156
717,other,5,5,178
718,other,5,9,193
719,female,5,9,185
720,male,5,6,135
721,male,5,11,178
722,male,6,6,160
723,female,5,4,192
724,other,5,0,180
725,other,6,6,144
726,male,6,9,180
727,male,5,3,191
728,male,6,3,170
729,female,5,6,197
730,male,6,7,166
731,female,5,9,175
732,male,6,10,160
733,male,6,3,197
734,male,5,2,188
735,female,5,11,134
736,male,5,9,147
737,male,6,9,195
738,female,6,4,137
739,other,6,0,185
740,male,5,4,197
741,male,6,10,139
742,other,5,5,149
743,male,6,10,182
744,male,6,1,143
745,other,6,4,194
746,female,6,3,181
747,female,6,0,146
748,male,5,3,175
749,other,6,2,197
750,other,6,9,193
751,female,6,3,157
752,female,6,10,132
753,other,5,7,158
754,female,6,8,149
755,other,5,9,194
756,female,5,9,186
757,male,5,1,199
758,other,6,7,151
759,other,6,8,166
760,male,5,9,193
761,other,5,5,173
762,other,6,0,153
763,other,6,7,155
764,other,5,1,177
765,other,5,9,131
766,male,6,6,195
767,other,6,7,157
768,female,6,10,190
769,other,6,0,134
770,male,5,4,177
771,other,5,8,188
772,female,5,5,184
773,female,5,4,196
774,female,6,5,184
775,other,6,8,173
776,male,5,7,133
777,female,5,10,159
778,female,6,11,181
779,female,5,3,168
780,male,5,10,185
781,other,6,4,172
782,male,5,8,182
783,male,5,2,161
784,male,5,5,155
785,other,5,2,162
786,other,5,10,164
787,male,6,0,174
788,female,6,8,153
789,female,6,3,130
790,male,5,0,142
791,female,5,3,196
792,male,5,8,200
793,male,5,6,154
794,other,5,8,141
795,male,5,11,174
796,female,5,1,139
797,other,5,0,160
798,female,6,0,190
799,other,5,5,167
800,other,5,6,183
801,other,5,9,180
802,female,5,3,193
803,female,6,1,146
804,other,5,8,184
805,other,5,8,187
806,other,5,3,134
807,other,6,11,169
808,male,6,6,198
809,male,5,5,150
810,other,6,10,178
811,male,5,5,200
812,other,6,5,188
813,other,5,0,199
814,female,6,8,198
815,male,6,2,135
816,male,6,6,153
817,other,5,0,156
818,female,6,4,170
819,male,5,9,199
820,male,5,1,195
821,other,6,0,175
822,female,5,11,177
823,other,5,11,157
824,other,6,11,179
825,female,5,5,195
826,other,5,8,186
827,other,6,7,180
828,female,6,4,162
829,female,6,8,135
830,female,6,2,171
831,other,5,2,155
832,female,6,9,152
833,other,6,11,142
834,male,6,4,162
835,female,6,9,200
836,female,6,8,165
837,other,6,1,181
838,female,5,8,160
839,other,6,1,153
840,female,6,2,179
841,other,5,9,200
842,male,5,3,157
843,other,6,1,151
844,female,5,0,132
845,other,6,10,149
846,other,5,10,200
847,other,5,2,195
848,other,5,1,167
849,male,5,0,166
850,male,5,3,180
851,female,6,2,176
852,male,6,11,140
853,male,6,6,196
854,male,6,3,175
855,other,5,1,166
856,other,6,1,171
857,male,5,2,190
858,other,5,11,165
859,other,5,2,160
860,female,5,1,172
861,other,6,4,162
862,other,5,3,191
863,other,6,6,176
864,female,5,9,173
865,male,5,1,183
866,male,5,10,138
867,male,6,6,187
868,male,6,8,148
869,female,5,4,188
870,other,5,5,147
871,female,5,10,150
872,male,5,10,192
873,female,5,3,189
874,male,5,10,157
875,male,5,4,141
876,other,5,2,138
877,female,6,2,166
878,other,6,1,136
879,female,6,5,165
880,female,5,10,183
881,female,5,6,137
882,other,5,5,162
883,other,6,11,132
884,female,6,5,143
885,female,5,11,191
886,female,5,6,194
887,male,6,3,190
888,other,6,6,159
889,male,5,7,155
890,other,5,9,139
891,male,6,4,160
892,other,5,9,133
893,female,6,10,187
894,female,6,10,153
895,male,6,4,159
896,other,6,4,136
897,female,6,10,166
898,male,6,3,180
899,other,6,2,178
900,male,5,11,165
901,female,6,6,171
902,other,6,1,154
903,female,5,1,162
904,male,6,1,152
905,other,5,10,132
906,female,5,10,130
907,female,5,7,180
908,other,5,11,180
909,female,5,9,140
910,male,5,3,136
911,female,6,0,177
912,other,5,7,196
913,female,5,5,133
914,other,6,8,190
915,other,5,7,167
916,other,5,2,140
917,other,6,6,151
918,male,6,8,194
919,male,6,11,147
920,male,6,9,158
921,other,5,3,175
922,female,6,0,136
923,other,6,8,183
924,female,5,0,161
925,male,5,6,185
926,female,6,10,132
927,male,5,2,180
928,other,5,7,189
929,male,6,7,136
930,male,6,4,175
931,male,6,10,141
932,male,5,4,131
933,female,6,5,166
934,female,6,7,182
935,female,6,9,171
936,other,6,3,163
937,male,6,1,141
938,female,6,4,160
939,female,5,6,169
940,other,5,5,177
941,other,6,11,159
942,other,5,3,138
943,other,5,0,189
944,male,5,10,138
945,other,6,11,148
946,other,6,8,180
947,male,5,5,158
948,male,6,10,163
949,female,6,2,185
950,female,6,10,142
951,male,5,2,166
952,female,6,1,174
953,female,6,1,177
954,male,5,8,197
955,other,5,6,157
956,male,5,7,182
957,female,5,11,192
958,male,6,0,166
959,male,6,3,172
960,female,5,1,200
961,female,6,5,191
962,female,5,1,144
963,female,6,5,135
964,other,5,2,142
965,male,6,11,152
966,male,6,11,187
967,female,5,8,178
968,male,6,0,164
969,female,6,2,155
970,male,5,1,161
971,male,5,6,182
972,other,6,1,173
973,female,6,8,197
974,female,5,5,200
975,other,5,6,164
976,other,6,8,160
977,female,5,11,153
978,other,5,11,154
979,female,6,6,167
980,male,6,6,154
981,other,5,0,136
982,male,5,2,130
983,other,5,11,130
984,other,6,11,195
985,male,5,6,149
986,female,5,2,162
987,female,5,3,159
988,other,5,2,139
989,other,5,9,132
990,male,6,4,168
991,female,6,6,194
992,other,6,4,198
993,male,6,1,188
994,female,6,0,193
995,female,6,0,154
996,female,5,7,157
997,other,5,8,152
998,male,5,6,138
999,female,6,2,158
1000,female,6,3,179
1001,female,5,0,199
1002,other,5,11,175
1003,female,6,1,165
1004,male,6,9,171
1005,male,5,11,149
1006,female,5,4,193
1007,male,6,0,138
1008,female,6,10,131
1009,male,6,2,133
1010,other,6,2,185
1011,male,6,9,143
1012,male,6,0,165
1013,other,6,10,149
1014,male,6,10,194
1015,female,5,11,145
1016,other,5,7,180
1017,male,6,3,133
1018,other,5,5,132
1019,male,5,11,131
1020,female,6,1,130
1021,female,6,8,151
1022,other,5,4,158
1023,female,5,2,180
1024,male,5,9,148
1025,male,5,9,152
1026,other,6,4,153
1027,male,6,8,145
1028,male,5,3,160
1029,other,5,2,159
1030,other,5,11,177
1031,male,6,7,130
1032,female,5,5,183
1033,female,6,4,196
1034,female,5,1,184
1035,female,5,9,200
1036,male,6,1,184
1037,other,5,7,145
1038,female,5,2,143
1039,other,5,0,149
1040,male,6,8,169
1041,male,6,4,147
1042,other,6,11,191
1043,other,6,1,151
1044,male,6,6,167
1045,male,6,4,171
1046,other,6,9,162
1047,female,6,3,171
1048,female,5,0,193
1049,other,6,9,175
1050,other,5,5,135
1051,male,6,6,149
1052,female,5,3,181
1053,other,6,1,151
1054,other,5,6,155
1055,male,6,5,147
1056,other,6,10,169
1057,male,5,4,150
1058,male,5,10,197
1059,other,5,11,152
1060,female,5,10,162
1061,other,6,10,160
1062,female,5,1,183
1063,male,5,9,161
1064,male,5,2,195
1065,other,5,10,173
1066,female,6,2,169
1067,other,5,11,186
1068,other,6,1,193
1069,other,5,2,164
1070,other,5,10,141
1071,male,5,2,148
1072,female,6,8,194
1073,female,6,11,183
1074,other,5,8,191
1075,male,6,5,130
1076,male,6,3,157
1077,other,6,0,195
1078,male,6,9,166
1079,female,6,1,144
1080,other,5,6,193
1081,other,5,1,162
1082,male,6,5,188
1083,male,5,2,182
1084,other,6,3,146
1085,male,6,3,196
1086,other,5,2,134
1087,female,6,3,189
1088,other,6,3,164
1089,female,5,2,192
1090,male,6,9,185
1091,male,6,4,198
1092,female,6,2,188
1093,female,6,1,150
1094,male,6,1,138
1095,male,5,3,174
1096,female,6,5,197
1097,female,6,9,166
1098,other,6,0,147
1099,female,6,4,177
1100,female,5,5,169
1101,other,5,1,178
1102,male,5,5,171
1103,other,6,9,153
1104,male,5,5,164
1105,female,6,10,144
1106,female,5,0,134
1107,male,5,1,137
1108,other,5,5,174
1109,female,6,9,157
1110,female,5,4,136
1111,male,5,5,177
1112,other,6,1,185
1113,male,5,8,152
1114,other,6,1,165
1115,other,6,4,149
1116,female,6,2,180
1117,male,5,7,133
1118,other,5,10,157
1119,female,6,6,147
1120,female,5,7,186
1121,female,5,9,152
1122,female,5,2,175
1123,female,5,2,154
1124,female,6,10,140
1125,female,6,10,191
1126,female,5,2,139
1127,other,5,0,132
1128,other,6,4,162
1129,male,5,2,174
1130,male,6,8,195
1131,other,5,9,130
1132,female,6,4,140
1133,other,6,8,177
1134,other,6,3,146
1135,other,5,9,192
1136,female,6,1,141
1137,other,5,4,167
1138,female,5,10,181
1139,other,6,4,155
1140,female,5,9,156
1141,female,5,2,145
1142,male,6,2,157
1143,other,5,7,194
1144,other,6,0,190
1145,male,5,8,147
1146,female,6,7,191
1147,male,5,1,197
1148,other,5,10,152
1149,female,6,3,131
1150,male,6,6,161
1151,male,5,8,139
1152,female,6,8,190
1153,female,6,2,197
1154,other,6,1,147
1155,other,5,0,190
1156,female,5,0,149
1157,female,5,8,133
1158,other,5,1,137
1159,female,6,10,185
1160,other,5,1,166
1161,female,5,9,131
1162,male,6,8,193
1163,male,6,5,179
1164,male,5,0,193
1165,female,6,7,151
1166,male,6,2,182
1167,male,6,1,161
1168,other,5,0,150
1169,other,5,9,189
1170,male,5,1,162
1171,other,6,1,182
1172,male,5,3,141
1173,male,5,10,142
1174,male,6,0,184
1175,other,5,3,141
1176,other,5,4,165
1177,other,5,4,135
1178,female,5,11,162
1179,female,5,1,163
1180,male,6,0,170
1181,male,6,8,190
1182,male,5,9,194
1183,other,5,9,191
1184,other,5,5,168
1185,female,5,9,145
1186,male,5,1,190
1187,other,5,2,170
1188,other,5,2,159
1189,female,5,1,178
1190,other,5,11,157
1191,male,6,4,141
1192,female,6,6,153
1193,male,5,8,150
1194,male,6,5,157
1195,other,6,9,160
1196,other,5,5,195
1197,other,5,2,131
1198,female,6,5,178
1199,female,5,5,191
1200,female,5,7,164
1201,male,6,0,177
1202,other,5,11,180
1203,male,6,5,147
1204,other,5,3,168
1205,male,5,5,167
1206,male,5,5,143
1207,other,5,6,149
1208,other,6,9,138
1209,other,6,8,161
1210,female,5,7,158
1211,female,6,8,145
1212,other,6,10,132
1213,male,6,10,135
1214,male,6,0,130
1215,female,6,4,142
1216,male,5,2,153
1217,male,5,7,200
1218,female,5,11,144
1219,female,6,11,195
1220,female,6,10,177
1221,other,5,10,180
1222,other,6,1,194
1223,female,5,10,157
1224,male,6,5,187
1225,female,5,6,167
1226,female,5,2,152
1227,female,6,1,150
1228,male,6,2,188
1229,male,5,3,130
1230,male,5,7,186
1231,male,6,11,148
1232,female,6,6,171
1233,other,6,1,167
1234,male,6,6,194
1235,male,6,9,191
1236,female,6,11,139
1237,male,6,4,200
1238,male,6,0,132
1239,female,5,8,190
1240,male,6,8,194
1241,other,5,2,142
1242,male,6,0,140
1243,male,6,8,186
1244,male,5,7,132
1245,male,6,4,200
1246,other,6,8,132
1247,male,5,0,185
1248,male,6,7,193
1249,female,5,10,184
1250,male,5,9,147
1251,male,5,11,183
1252,male,5,10,183
1253,other,6,0,151
1254,male,6,9,162
1255,male,5,5,134
1256,male,6,1,182
1257,other,6,10,142
1258,other,6,8,131
1259,male,6,7,170
1260,other,5,7,189
1261,other,6,8,173
1262,other,6,8,141
1263,other,5,1,136
1264,male,6,7,175
1265,female,5,3,150
1266,male,5,0,187
1267,other,5,8,192
1268,female,6,7,157
1269,female,5,4,151
1270,female,5,9,152
1271,other,6,11,179
1272,male,6,3,168
1273,male,5,0,181
1274,female,6,9,182
1275,female,6,6,140
1276,female,6,0,138
1277,male,5,2,199
1278,male,6,9,182
1279,female,5,2,149
1280,other,5,10,132
1281,female,5,10,140
1282,other,5,2,134
1283,male,5,3,133
1284,other,6,1,144
1285,other,6,9,157
1286,other,5,7,130
1287,male,6,10,158
1288,other,6,8,145
1289,male,6,3,191
1290,female,6,7,134
1291,other,5,2,145
1292,male,6,10,133
1293,other,5,4,166
1294,female,6,7,131
1295,other,5,1,146
1296,male,5,4,138
1297,female,6,9,189
1298,male,6,7,178
1299,other,5,4,173
1300,other,5,0,142
1301,male,6,10,175
1302,female,5,3,142
1303,male,5,4,196
1304,male,6,11,196
1305,other,6,10,189
1306,female,6,1,163
1307,female,6,0,156
1308,female,5,5,175
1309,other,6,9,174
1310,female,5,7,147
1311,other,6,6,143
1312,other,6,10,166
1313,other,6,5,158
1314,male,6,6,157
1315,female,6,8,165
1316,male,5,9,140
1317,other,5,5,158
1318,male,6,11,160
1319,male,6,11,145
1320,male,6,0,150
1321,other,5,10,186
1322,male,6,2,169
1323,female,5,3,158
1324,male,6,10,170
1325,male,5,2,200
1326,other,5,4,190
1327,female,5,1,130
1328,male,6,7,146
1329,female,6,11,145
1330,female,5,0,137
1331,other,6,1,166
1332,female,5,7,170
1333,female,5,6,199
1334,female,5,1,174
1335,male,5,6,177
1336,other,6,10,189
1337,female,5,4,199
1338,other,5,1,197
1339,female,5,7,182
1340,female,5,5,170
1341,other,6,5,160
1342,female,5,6,190
1343,female,6,5,146
1344,female,5,6,143
1345,female,5,5,186
1346,other,6,3,157
1347,other,5,11,167
1348,female,6,9,182
1349,female,5,9,199
1350,other,6,8,192
1351,male,5,8,134
1352,male,5,1,164
1353,male,6,7,130
1354,male,6,2,185
1355,female,5,7,179
1356,other,6,2,165
1357,female,5,4,154
1358,other,5,10,137
1359,other,6,11,144
1360,other,5,10,170
1361,female,6,1,175
1362,other,5,10,160
1363,other,6,6,160
1364,other,6,7,143
1365,male,6,8,179
1366,male,6,5,189
1367,male,5,11,178
1368,other,6,9,141
1369,other,6,3,154
1370,male,6,10,150
1371,female,6,10,185
1372,other,6,5,164
1373,female,6,10,200
1374,male,5,4,141
1375,other,6,6,156
1376,other,6,7,150
1377,male,5,3,163
1378,female,6,1,183
1379,female,6,8,153
1380,other,5,3,188
1381,male,6,6,156
1382,female,5,5,176
1383,female,6,10,146
1384,male,6,7,148
1385,other,6,1,180
1386,other,6,8,198
1387,male,6,8,145
1388,other,6,9,148
1389,female,5,10,154
1390,male,6,8,139
1391,male,6,7,167
1392,other,5,5,160
1393,other,5,0,184
1394,female,5,5,186
1395,other,5,7,141
1396,other,6,2,144
1397,female,6,7,134
1398,other,6,2,164
1399,female,5,5,133
1400,female,5,8,199
1401,female,6,6,138
1402,female,5,9,169
1403,female,5,4,170
1404,female,5,2,193
1405,female,5,3,180
1406,other,5,11,134
1407,other,5,11,145
1408,male,5,11,153
1409,male,6,7,146
1410,male,5,9,186
1411,other,6,8,174
1412,female,5,6,130
1413,female,6,4,190
1414,female,5,8,183
1415,female,6,1,154
1416,female,5,4,133
1417,other,6,7,158
1418,female,5,2,139
1419,female,6,8,171
1420,male,6,5,172
1421,male,5,4,179
1422,male,5,3,132
1423,male,6,6,139
1424,male,5,2,142
1425,female,5,6,135
1426,female,6,8,163
1427,other,5,5,151
1428,male,6,5,130
1429,male,6,10,200
1430,female,6,9,144
1431,female,5,8,185
1432,female,5,4,133
1433,other,6,4,168
1434,male,5,7,169
1435,female,5,3,151
1436,female,6,10,143
1437,female,6,10,183
1438,other,5,2,153
1439,male,5,7,197
1440,female,5,2,140
1441,female,6,8,191
1442,other,5,0,156
1443,male,6,8,133
1444,other,6,10,177
1445,female,5,3,200
1446,female,5,0,196
1447,male,5,3,190
1448,female,6,4,141
1449,male,5,6,190
1450,other,5,8,136
1451,male,6,3,161
1452,other,5,7,185
1453,female,6,7,191
1454,female,6,0,178
1455,other,5,9,197
1456,other,6,9,184
1457,female,6,9,148
1458,other,6,4,196
1459,other,5,1,184
1460,other,6,1,161
1461,female,5,7,134
1462,male,6,5,187
1463,female,6,0,162
1464,female,5,1,155
1465,other,6,10,134
1466,male,5,3,193
1467,other,5,1,186
1468,male,5,6,157
1469,female,6,2,187
1470,female,5,11,139
1471,other,5,0,159
1472,male,6,10,130
1473,male,6,2,154
1474,male,5,9,153
1475,other,6,2,156
1476,other,5,3,172
1477,female,5,8,148
1478,other,6,7,172
1479,other,5,7,193
1480,other,5,11,193
1481,female,5,0,176
1482,female,6,0,187
1483,other,6,6,149
1484,female,6,10,175
1485,female,5,2,164
1486,other,6,0,142
1487,other,6,9,144
1488,male,6,1,196
1489,female,6,2,163
1490,other,5,5,141
1491,other,5,2,191
1492,other,5,1,170
1493,other,6,5,189
1494,male,5,8,145
1495,other,5,7,162
1496,other,5,11,161
1497,female,5,11,164
1498,other,6,11,135
1499,male,6,7,192
1500,other,6,5,156
1501,female,5,3,188
1502,male,5,6,163
1503,male,6,11,184
1504,other,6,0,199
1505,other,6,6,141
1506,female,6,10,175
1507,female,5,6,149
1508,female,5,4,159
1509,other,6,9,137
1510,female,6,7,170
1511,other,5,2,190
1512,other,5,9,174
1513,male,6,1,158
1514,female,6,10,168
1515,male,5,6,150
1516,other,6,7,135
1517,other,6,8,175
1518,male,5,10,189
1519,female,6,2,135
1520,other,5,6,177
1521,other,6,2,154
1522,male,6,1,154
1523,other,6,3,171
1524,other,5,1,174
1525,male,6,0,160
1526,female,6,1,188
1527,male,5,11,199
1528,male,5,2,200
1529,male,6,10,141
1530,male,5,3,159
1531,male,6,11,174
1532,male,5,4,148
1533,other,5,2,183
1534,male,6,5,145
1535,other,5,11,150
1536,other,5,10,147
1537,female,6,3,182
1538,other,6,6,176
1539,female,6,2,159
1540,male,5,5,194
1541,other,5,5,161
1542,female,5,3,172
1543,other,5,9,150
1544,female,6,2,188
1545,other,6,4,165
1546,male,5,11,154
1547,other,6,10,197
1548,other,5,7,147
1549,other,5,7,150
1550,female,5,4,151
1551,other,6,10,178
1552,other,5,1,194
1553,male,6,5,186
1554,male,5,7,139
1555,male,6,4,167
1556,other,6,8,173
1557,other,5,9,143
1558,other,6,10,190
1559,female,6,1,199
1560,female,6,3,168
1561,other,6,6,191
1562,female,5,9,137
1563,male,6,8,157
1564,male,6,8,170
1565,female,5,11,192
1566,male,5,4,176
1567,male,5,10,197
1568,female,5,4,194
1569,female,6,3,165
1570,male,5,5,162
1571,other,5,7,146
1572,female,6,1,185
1573,other,5,0,147
1574,female,6,2,178
1575,other,6,6,186
1576,female,6,3,166
1577,female,5,0,171
1578,other,5,10,169
1579,male,5,9,176
1580,male,5,0,169
1581,female,6,4,197
1582,male,5,1,187
1583,male,5,3,191
1584,other,6,8,145
1585,other,6,6,191
1586,other,6,4,150
1587,male,6,2,178
1588,female,5,3,134
1589,other,6,9,141
1590,female,5,3,188
1591,other,5,3,137
1592,male,6,9,188
1593,other,6,7,157
1594,other,5,5,171
1595,other,5,11,140
1596,female,6,4,168
1597,female,6,8,168
1598,other,5,3,192
1599,female,5,3,168
1600,other,5,6,163
1601,male,5,8,191
1602,female,5,10,155
1603,other,5,11,162
1604,other,6,11,148
1605,female,6,9,184
1606,female,6,3,173
1607,other,5,6,172
1608,other,6,9,169
1609,other,5,11,131
1610,male,5,6,193
1611,other,6,1,138
1612,male,6,0,167
1613,male,6,0,135
1614,other,6,5,143
1615,male,6,5,191
1616,female,6,4,130
1617,other,6,5,135
1618,female,5,10,137
1619,female,6,9,164
1620,female,5,0,167
1621,female,5,9,156
1622,other,5,5,144
1623,female,6,0,147
1624,female,5,1,133
1625,other,6,6,144
1626,other,6,5,199
1627,male,5,7,149
1628,other,5,1,164
1629,other,6,1,177
1630,other,6,2,190
1631,male,5,10,140
1632,male,6,5,192
1633,other,5,5,183
1634,male,6,9,147
1635,other,5,7,161
1636,female,6,11,143
1637,male,6,0,143
1638,other,6,2,153
1639,female,6,2,169
1640,male,5,11,159
1641,male,6,4,153
1642,female,6,2,196
1643,other,5,3,132
1644,female,5,9,198
1645,male,5,1,175
1646,male,5,0,135
1647,other,5,8,188
1648,other,5,11,164
1649,male,6,10,147
1650,female,5,9,189
1651,male,6,2,166
1652,male,5,0,167
1653,male,5,8,140
1654,male,5,1,187
1655,female,5,1,165
1656,female,6,10,178
1657,male,6,7,144
1658,other,6,1,140
1659,male,6,3,169
1660,female,6,11,185
1661,female,5,10,186
1662,female,6,3,132
1663,male,6,10,152
1664,female,6,4,161
1665,female,5,4,131
1666,other,5,2,196
1667,female,5,2,198
1668,female,5,10,195
1669,other,6,8,168
1670,female,5,3,148
1671,other,5,1,162
1672,female,5,1,200
1673,female,5,3,156
1674,male,6,8,164
1675,other,6,11,132
1676,other,5,10,172
1677,other,6,10,170
1678,male,6,4,135
1679,female,6,0,161
1680,male,5,4,157
1681,other,5,8,132
1682,other,5,3,197
1683,female,5,2,146
1684,female,5,1,184
1685,female,5,9,132
1686,other,5,2,143
1687,female,6,9,197
1688,female,6,9,159
1689,female,6,3,157
1690,female,5,6,189
1691,male,6,10,189
1692,male,5,8,139
1693,male,6,10,183
1694,other,5,6,145
1695,female,6,11,152
1696,other,5,1,155
1697,other,5,2,130
1698,other,6,7,152
1699,female,5,11,143
1700,female,6,0,130
1701,other,6,11,130
1702,other,5,11,195
1703,other,6,7,160
1704,male,6,3,199
1705,other,5,1,135
1706,female,5,1,186
1707,other,5,7,192
1708,male,5,5,187
1709,male,5,7,153
1710,female,6,4,151
1711,male,5,10,174
1712,male,5,4,141
1713,male,6,11,165
1714,female,5,2,185
1715,other,6,2,197
1716,female,6,0,145
1717,other,6,0,154
1718,other,5,6,188
1719,other,5,10,176
1720,other,5,11,158
1721,male,6,3,200
1722,female,5,4,151
1723,male,5,6,137
1724,male,6,7,154
1725,female,5,9,176
1726,male,6,8,194
1727,male,5,10,178
1728,other,5,0,139
1729,female,5,5,160
1730,other,6,10,148
1731,male,6,1,176
1732,male,5,10,131
1733,other,6,0,150
1734,male,5,0,176
1735,male,5,11,140
1736,female,6,4,180
1737,other,6,1,199
1738,male,6,5,186
1739,other,5,0,144
1740,other,6,4,164
1741,other,5,7,144
1742,female,6,11,185
1743,other,5,1,179
1744,other,6,7,183
1745,female,5,7,181
1746,male,5,2,191
1747,male,5,2,155
1748,male,6,1,179
1749,female,6,6,180
1750,female,6,11,139
1751,other,6,3,155
1752,female,6,10,152
1753,other,5,10,132
1754,female,6,5,193
1755,other,6,0,161
1756,male,6,4,190
1757,female,5,1,142
1758,other,5,9,135
1759,male,6,7,154
1760,male,6,5,133
1761,male,5,2,165
1762,female,5,1,184
1763,other,6,5,163
1764,male,6,0,147
1765,female,5,1,145
1766,female,6,7,180
1767,other,6,9,166
1768,other,5,4,142
1769,female,6,9,169
1770,female,6,1,169
1771,other,5,7,139
1772,other,5,4,164
1773,male,5,1,157
1774,male,6,7,193
1775,male,6,11,152
1776,other,6,2,176
1777,other,5,8,151
1778,male,5,10,168
1779,other,5,3,171
1780,male,5,6,192
1781,male,5,11,190
1782,female,6,9,167
1783,female,5,8,191
1784,other,6,2,182
1785,other,6,0,197
1786,other,6,4,191
1787,female,5,11,192
1788,male,6,9,130
1789,other,5,4,153
1790,other,6,1,179
1791,female,6,3,166
1792,male,5,10,193
1793,male,6,4,134
1794,other,5,11,173
1795,male,5,6,162
1796,other,5,6,156
1797,male,5,3,180
1798,other,5,7,140
1799,female,5,7,193
1800,female,5,3,182
1801,other,5,0,157
1802,female,6,11,174
1803,male,5,1,156
1804,male,5,2,189
1805,male,5,8,132
1806,female,5,5,142
1807,male,5,10,133
1808,other,6,3,136
1809,male,6,7,153
1810,male,5,4,153
1811,male,6,11,175
1812,other,6,0,167
1813,female,6,2,170
1814,male,6,10,180
1815,male,5,11,164
1816,female,5,0,156
1817,other,5,8,169
1818,other,6,6,187
1819,other,6,1,155
1820,other,6,7,178
1821,male,6,10,130
1822,male,6,8,132
1823,male,6,2,148
1824,male,5,5,148
1825,other,6,5,173
1826,female,5,6,134
1827,female,6,8,169
1828,female,6,11,198
1829,female,5,3,179
1830,other,5,0,156
1831,other,5,0,167
1832,male,6,7,150
1833,other,5,11,135
1834,other,5,1,159
1835,other,6,10,161
1836,male,5,0,164
1837,other,5,0,197
1838,other,6,5,165
1839,male,5,7,186
1840,female,6,9,188
1841,female,6,11,172
1842,other,6,2,187
1843,male,6,4,156
1844,male,5,5,188
1845,female,5,1,133
1846,other,6,0,139
1847,other,5,2,191
1848,female,6,4,156
1849,other,6,4,155
1850,other,5,9,191
1851,female,5,4,157
1852,male,6,5,197
1853,other,6,0,200
1854,female,5,1,175
1855,other,6,8,162
1856,other,6,8,133
1857,female,6,8,162
1858,other,5,5,135
1859,male,5,10,175
1860,other,6,8,188
1861,male,5,3,169
1862,female,6,2,173
1863,female,6,9,159
1864,female,6,7,143
1865,other,6,11,150
1866,other,5,0,138
1867,male,5,1,183
1868,female,5,7,147
1869,male,5,11,193
1870,female,5,0,189
1871,other,5,7,197
1872,female,5,10,178
1873,male,6,8,164
1874,female,5,8,195
1875,male,6,10,185
1876,male,6,4,163
1877,female,5,4,139
1878,male,5,8,130
1879,male,5,5,175
1880,female,6,1,179
1881,male,6,10,179
1882,male,6,7,166
1883,other,6,8,134
1884,male,5,2,146
1885,female,6,3,187
1886,male,6,5,157
1887,male,6,8,191
1888,male,6,9,136
1889,other,5,2,170
1890,female,5,2,160
1891,female,5,10,169
1892,male,5,3,196
1893,male,6,0,196
1894,male,6,3,132
1895,male,6,5,184
1896,male,6,8,180
1897,other,5,10,155
1898,female,5,8,176
1899,other,6,9,188
1900,female,6,10,155
1901,female,6,2,161
1902,male,5,11,137
1903,male,5,2,153
1904,other,5,0,193
1905,male,5,10,182
1906,other,5,3,164
1907,other,6,10,155
1908,other,5,9,144
1909,other,6,0,184
1910,male,6,8,166
1911,male,6,2,136
1912,other,6,7,177
1913,male,6,5,142
1914,female,6,10,158
1915,male,6,8,136
1916,male,6,6,175
1917,female,5,1,135
1918,other,6,7,196
1919,female,6,2,149
1920,other,5,8,164
1921,male,5,9,149
1922,other,6,11,131
1923,other,6,4,177
1924,other,5,11,173
1925,other,5,4,156
1926,male,6,3,183
1927,female,5,4,159
1928,female,6,7,138
1929,male,5,9,167
1930,other,5,4,193
1931,male,6,9,153
1932,male,6,11,186
1933,male,5,6,182
1934,male,6,8,183
1935,female,6,11,151
1936,other,5,6,190
1937,other,5,10,192
1938,other,5,4,135
1939,male,6,1,196
1940,female,5,6,193
1941,other,5,4,138
1942,male,5,10,192
1943,other,6,2,146
1944,male,6,9,141
1945,male,6,1,198
1946,female,6,6,193
1947,other,5,0,152
1948,female,5,5,200
1949,female,6,11,154
1950,female,6,2,193
1951,male,5,10,162
1952,male,5,9,193
1953,male,6,8,191
1954,female,5,9,181
1955,female,6,7,145
1956,female,5,1,199
1957,male,5,5,165
1958,other,6,9,194
1959,female,6,8,162
1960,other,6,9,196
1961,female,6,0,197
1962,male,6,0,191
1963,female,6,6,140
1964,other,5,3,131
1965,other,5,11,158
1966,other,5,10,169
1967,female,5,4,161
1968,male,6,10,200
1969,male,5,11,131
1970,male,6,7,150
1971,male,5,9,173
1972,male,6,2,181
1973,female,6,9,178
1974,male,5,9,170
1975,male,6,9,186
1976,male,5,9,195
1977,male,6,10,169
1978,other,5,10,149
1979,male,6,9,163
1980,female,6,10,188
1981,other,6,6,159
1982,female,5,6,163
1983,female,6,2,162
1984,male,6,2,173
1985,other,6,9,156
1986,other,5,8,199
1987,male,5,0,187
1988,male,6,7,181
1989,other,5,1,175
1990,other,5,6,133
1991,other,6,9,190
1992,male,6,7,137
1993,female,6,10,172
1994,male,5,8,161
1995,female,5,11,137
1996,other,5,8,149
1997,female,5,5,150
1998,female,5,7,179
1999,other,6,5,185
2000,male,5,8,139
2001,female,5,11,184
2002,female,6,7,133
2003,other,5,11,196
2004,other,5,6,197
2005,other,5,8,171
2006,male,6,7,150
2007,female,5,4,141
2008,female,5,6,132
2009,female,6,10,177
2010,female,6,10,161
2011,male,5,1,153
2012,male,5,3,170
2013,male,6,4,147
2014,male,6,6,152
2015,male,6,4,149
2016,female,5,3,184
2017,male,5,8,147
2018,female,5,8,155
2019,female,6,1,194
2020,male,5,5,147
2021,other,5,1,156
2022,male,6,3,181
2023,female,5,4,160
2024,male,6,7,156
2025,female,6,9,165
2026,other,6,8,177
2027,male,6,8,155
2028,other,6,8,150
2029,other,5,8,187
2030,female,5,6,159
2031,female,6,8,160
2032,male,5,8,147
2033,other,5,2,194
2034,female,5,10,136
2035,female,5,3,131
2036,other,6,8,196
2037,female,5,3,156
2038,other,6,1,164
2039,male,6,2,154
2040,male,5,8,171
2041,other,6,9,135
2042,female,6,0,165
2043,other,5,11,147
2044,male,5,8,180
2045,male,6,11,177
2046,other,5,5,188
2047,male,6,7,190
2048,other,5,0,145
2049,other,6,6,169
2050,other,5,1,161
2051,female,5,3,137
2052,other,6,1,162
2053,male,5,5,159
2054,female,5,5,171
2055,female,5,10,187
2056,female,5,10,175
2057,other,6,11,193
2058,other,5,11,198
2059,female,5,9,142
2060,other,6,8,196
2061,female,5,1,167
2062,female,6,1,138
2063,male,6,1,146
2064,male,6,9,174
2065,other,5,7,143
2066,male,6,5,166
2067,male,5,6,154
2068,other,5,5,169
2069,other,6,2,133
2070,other,6,6,167
2071,female,6,8,200
2072,female,6,1,190
2073,female,5,2,131
2074,female,5,6,134
2075,female,5,10,165
2076,male,6,2,163
2077,male,6,8,155
2078,female,5,1,173
2079,female,5,3,148
2080,female,6,2,141
2081,male,6,9,180
2082,female,6,6,142
2083,male,6,5,143
2084,female,5,7,148
2085,female,6,7,184
2086,other,5,1,144
2087,male,6,6,153
2088,other,5,11,142
2089,other,6,2,140
2090,male,6,10,163
2091,female,6,3,197
2092,other,5,8,181
2093,female,6,3,185
2094,male,6,11,140
2095,other,6,9,156
2096,other,6,0,190
2097,male,5,9,155
2098,other,6,4,193
2099,male,6,1,141
2100,other,6,3,134
2101,male,5,11,142
2102,male,5,4,141
2103,other,6,11,170
2104,male,5,10,146
2105,other,6,11,136
2106,male,5,9,131
2107,other,5,5,145
2108,male,6,6,187
2109,other,5,10,197
2110,female,6,10,155
2111,other,5,7,131
2112,other,5,3,135
2113,female,6,10,143
2114,other,6,3,182
2115,other,5,3,137
2116,other,5,10,183
2117,male,5,10,143
2118,female,6,5,148
2119,male,5,6,164
2120,male,5,9,160
2121,male,5,4,177
2122,male,6,1,183
2123,female,6,1,182
2124,male,6,3,189
2125,other,6,11,184
2126,female,6,10,135
2127,male,5,9,169
2128,male,6,0,169
2129,male,6,4,198
2130,other,6,9,200
2131,male,5,7,166
2132,female,5,3,165
2133,male,5,4,148
2134,male,6,4,167
2135,male,5,6,145
2136,other,5,9,176
2137,male,5,1,131
2138,other,5,7,188
2139,other,6,9,152
2140,male,6,1,158
2141,male,6,10,171
2142,other,6,6,141
2143,female,6,3,149
2144,male,6,6,167
2145,other,6,1,147
2146,other,6,4,151
2147,female,6,6,140
2148,other,5,5,141
2149,other,6,3,192
2150,other,5,3,198
2151,other,6,6,140
2152,male,5,1,139
2153,female,6,7,198
2154,male,6,11,155
2155,other,5,8,133
2156,female,5,2,152
2157,other,6,1,145
2158,female,6,11,151
2159,female,6,2,170
2160,other,5,9,144
2161,female,5,6,198
2162,other,5,8,152
2163,female,6,11,140
2164,other,5,2,178
2165,other,5,4,193
2166,male,5,8,197
2167,other,5,1,180
2168,other,6,7,165
2169,female,6,2,176
2170,female,5,11,192
2171,male,5,2,145
2172,female,5,3,162
2173,female,6,1,185
2174,male,5,8,187
2175,male,6,4,173
2176,female,5,1,187
2177,male,6,8,137
2178,female,6,1,193
2179,female,5,4,193
2180,other,6,2,170
2181,other,5,6,155
2182,other,5,10,168
2183,other,5,2,135
2184,female,5,9,171
2185,male,6,11,165
2186,male,6,5,158
2187,male,5,2,192
2188,male,5,11,145
2189,other,6,7,137
2190,male,5,1,170
2191,female,5,5,182
2192,female,6,3,187
2193,male,5,7,191
2194,other,6,6,183
2195,female,6,6,190
2196,male,6,9,164
2197,other,5,6,137
2198,male,5,7,161
2199,other,6,10,187
2200,other,6,6,133
2201,male,6,9,172
2202,female,5,11,185
2203,other,5,6,194
2204,other,6,5,179
2205,other,5,5,143
2206,other,6,1,166
2207,male,5,2,172
2208,other,6,0,173
2209,other,6,2,149
2210,female,5,0,176
2211,other,6,7,175
2212,female,5,7,161
2213,male,5,0,152
2214,other,6,11,167
2215,male,6,4,133
2216,female,6,4,133
2217,male,6,8,188
2218,female,6,10,197
2219,other,5,3,169
2220,male,6,6,145
2221,female,5,5,133
2222,male,6,0,144
2223,other,5,4,159
2224,other,6,0,134
2225,female,6,4,172
2226,other,5,10,183
2227,male,5,10,138
2228,other,6,0,135
2229,other,6,1,158
2230,female,6,5,142
2231,female,5,5,189
2232,female,6,9,181
2233,male,5,1,185
2234,other,5,1,134
2235,male,6,0,180
2236,other,5,4,190
2237,other,5,10,166
2238,female,6,6,159
2239,other,5,4,189
2240,male,5,6,188
2241,other,6,6,135
2242,other,5,4,177
2243,female,6,8,149
2244,other,5,9,143
2245,male,5,8,159
2246,other,5,11,192
2247,female,5,9,192
2248,other,5,11,170
2249,male,6,11,173
2250,male,6,9,171
2251,male,6,5,133
2252,other,6,6,160
2253,other,5,6,181
2254,female,5,5,190
2255,female,6,9,165
2256,male,6,5,195
2257,other,5,4,146
2258,female,6,9,165
2259,other,6,5,200
2260,male,5,3,164
2261,male,5,10,153
2262,male,5,11,142
2263,female,6,3,191
2264,female,6,4,176
2265,male,6,3,193
2266,male,5,3,189
2267,female,6,1,196
2268,other,6,6,156
2269,male,5,3,178
2270,female,6,7,156
2271,male,6,6,188
2272,male,6,2,161
2273,female,6,8,179
2274,male,5,2,160
2275,other,6,6,161
2276,other,5,1,182
2277,other,5,6,159
2278,female,5,7,184
2279,female,6,3,182
2280,other,6,3,191
2281,female,6,10,190
2282,male,5,2,168
2283,female,5,0,138
2284,male,6,6,162
2285,female,6,7,135
2286,other,5,5,167
2287,female,6,11,157
2288,female,5,2,167
2289,female,5,3,171
2290,male,6,8,140
2291,female,6,1,148
2292,male,5,11,145
2293,female,6,4,164
2294,other,6,11,160
2295,other,6,10,190
2296,female,5,9,144
2297,other,6,2,193
2298,female,5,5,178
2299,other,5,0,141
2300,male,6,7,180
2301,male,6,4,189
2302,male,5,11,147
2303,female,5,9,149
2304,other,5,2,176
2305,male,6,1,151
2306,female,5,1,187
2307,female,6,11,172
2308,female,5,10,175
2309,other,6,0,140
2310,female,5,0,150
2311,female,6,9,165
2312,female,5,6,139
2313,male,5,7,134
2314,female,6,8,136
2315,other,5,3,151
2316,female,5,2,135
2317,other,5,10,163
2318,male,6,7,146
2319,male,6,5,167
2320,other,6,6,163
2321,male,5,11,153
2322,male,5,9,169
2323,female,6,10,146
2324,female,6,2,194
2325,male,6,8,164
2326,other,6,8,161
2327,female,6,3,130
2328,male,6,8,137
2329,other,5,10,140
2330,female,6,6,176
2331,male,5,3,147
2332,male,6,10,138
2333,female,5,10,192
2334,other,5,10,159
2335,male,6,4,164
2336,male,5,1,200
2337,male,6,2,182
2338,male,6,6,151
2339,other,5,6,144
2340,male,6,8,163
2341,female,5,10,177
2342,male,6,6,184
2343,female,5,4,190
2344,other,6,10,182
2345,male,5,5,170
2346,female,5,3,160
2347,other,5,1,200
2348,male,6,2,140
2349,other,6,3,187
2350,female,5,0,181
2351,male,5,9,186
2352,other,6,10,195
2353,other,5,5,169
2354,other,5,1,198
2355,male,6,11,199
2356,other,6,9,133
2357,other,5,8,193
2358,female,5,0,175
2359,male,6,0,160
2360,female,6,9,162
2361,male,5,8,145
2362,female,5,6,137
2363,other,5,8,147
2364,female,6,7,177
2365,female,6,11,144
2366,female,6,11,146
2367,female,6,5,131
2368,female,6,7,164
2369,male,6,6,165
2370,other,5,2,144
2371,female,5,10,198
2372,male,5,10,163
2373,male,5,4,151
2374,female,6,6,182
2375,female,6,7,198
2376,other,6,4,188
2377,male,5,0,131
2378,other,6,7,147
2379,other,6,0,173
2380,other,6,6,175
2381,male,6,9,173
2382,female,6,8,158
2383,other,6,3,166
2384,other,5,2,187
2385,male,5,4,196
2386,male,5,9,143
2387,female,5,11,160
2388,other,5,2,177
2389,female,5,4,187
2390,male,5,11,160
2391,male,6,9,200
2392,male,6,0,175
2393,other,5,6,172
2394,male,6,10,143
2395,male,6,8,177
2396,other,5,7,152
2397,male,6,6,199
2398,other,5,6,188
2399,male,5,11,163
2400,male,6,4,185
2401,female,6,5,131
2402,other,6,2,180
2403,male,6,5,173
2404,other,5,2,132
2405,other,5,11,198
2406,male,5,4,145
2407,male,6,1,191
2408,male,5,9,141
2409,other,6,0,191
2410,male,6,8,163
2411,male,5,0,192
2412,female,6,0,138
2413,male,6,3,142
2414,female,5,9,199
2415,female,6,0,163
2416,other,5,6,182
2417,other,5,6,135
2418,female,6,10,172
2419,male,5,9,176
2420,male,5,6,161
2421,female,6,3,141
2422,female,6,2,141
2423,other,6,6,171
2424,male,6,8,183
2425,female,6,6,189
2426,other,6,4,200
2427,other,5,3,130
2428,other,6,7,137
2429,other,5,7,165
2430,male,5,7,193
2431,male,5,1,167
2432,female,5,6,182
2433,other,6,2,166
2434,other,6,9,183
2435,female,6,7,155
2436,other,5,8,161
2437,male,5,10,178
2438,female,6,11,196
2439,other,6,3,133
2440,female,6,10,162
2441,female,5,7,188
2442,male,5,2,177
2443,other,5,11,141
2444,other,5,2,163
2445,male,5,9,172
2446,male,5,4,149
2447,male,6,10,149
2448,male,6,11,139
2449,male,5,3,182
2450,female,6,8,164
2451,male,5,11,165
2452,other,6,9,146
2453,male,5,4,157
2454,other,6,11,146
2455,female,5,0,177
2456,female,6,1,178
2457,male,5,6,196
2458,female,6,1,184
2459,female,5,6,187
2460,other,5,3,173
2461,male,5,4,149
2462,male,6,1,170
2463,other,6,8,149
2464,female,5,5,151
2465,other,6,11,137
2466,male,5,4,176
2467,female,6,9,142
2468,other,6,11,141
2469,female,6,7,154
2470,female,6,9,179
2471,other,5,10,161
2472,other,5,10,146
2473,other,5,0,142
2474,female,6,4,159
2475,female,6,4,137
2476,other,5,10,135
2477,other,6,9,135
2478,male,6,0,164
2479,other,6,2,184
2480,female,6,11,151
2481,male,6,6,148
2482,other,6,7,189
2483,other,6,6,154
2484,male,6,1,163
2485,other,6,4,132
2486,male,5,7,133
2487,male,5,11,172
2488,female,6,6,184
2489,other,5,11,153
2490,female,5,2,153
2491,female,6,1,172
2492,female,5,2,184
2493,male,6,6,160
2494,male,5,11,152
2495,other,6,1,190
2496,other,6,6,192
2497,male,5,2,162
2498,female,5,0,144
2499,female,5,6,196
2500,other,5,9,194
2501,other,6,4,168
2502,other,5,7,143
2503,female,5,11,142
2504,male,6,9,146
2505,female,5,3,198
2506,female,6,10,187
2507,male,6,11,168
2508,other,5,3,145
2509,female,5,2,147
2510,other,6,9,156
2511,other,6,11,138
2512,male,6,8,152
2513,female,6,0,167
2514,male,5,0,171
2515,other,5,1,141
2516,other,5,9,172
2517,other,5,0,183
2518,other,6,6,199
2519,male,5,3,153
2520,other,5,8,147
2521,male,6,4,198
2522,female,6,2,172
2523,other,6,0,179
2524,male,5,1,155
2525,male,6,3,132
2526,other,6,6,153
2527,male,5,2,184
2528,other,6,0,163
2529,other,5,10,163
2530,male,5,3,161
2531,other,6,4,150
2532,female,6,6,169
2533,other,5,2,160
2534,male,5,6,163
2535,male,6,6,147
2536,male,6,8,185
2537,male,5,7,194
2538,other,5,2,164
2539,female,6,5,145
2540,male,6,7,138
2541,other,5,5,134
2542,other,6,9,171
2543,male,6,3,155
2544,male,6,2,176
2545,male,5,4,137
2546,male,5,2,158
2547,other,6,11,149
2548,other,6,4,144
2549,male,6,3,175
2550,female,5,10,188
2551,male,5,11,178
2552,female,5,2,144
2553,male,5,2,162
2554,male,6,3,147
2555,other,5,1,139
2556,male,6,10,167
2557,other,5,5,162
2558,other,5,9,200
2559,female,6,4,190
2560,male,5,5,137
2561,female,5,0,182
2562,female,5,0,196
2563,other,5,4,184
2564,female,6,2,154
2565,other,6,4,185
2566,male,5,4,142
2567,other,5,1,189
2568,other,5,7,179
2569,other,5,3,140
2570,female,6,7,168
2571,male,6,0,154
2572,other,5,10,176
2573,other,6,9,172
2574,male,6,4,162
2575,male,5,9,161
2576,female,6,5,163
2577,male,6,4,178
2578,male,6,1,149
2579,other,6,0,149
2580,other,5,10,132
2581,male,6,1,165
2582,male,6,10,130
2583,male,6,11,130
2584,other,5,9,182
2585,other,6,8,140
2586,male,6,9,169
2587,female,6,7,152
2588,female,6,2,157
2589,other,5,1,175
2590,male,6,11,178
2591,female,5,8,177
2592,other,6,4,155
2593,male,5,5,167
2594,other,6,8,196
2595,male,6,5,147
2596,female,6,9,199
2597,male,6,7,141
2598,other,5,2,175
2599,female,6,0,136
2600,other,6,9,158
2601,other,6,10,176
2602,other,6,9,179
2603,female,5,11,186
2604,female,6,9,188
2605,female,6,8,147
2606,male,6,11,149
2607,male,6,1,173
2608,other,5,5,147
2609,other,6,10,135
2610,other,5,0,145
2611,female,5,3,198
2612,female,5,2,159
2613,other,6,5,184
2614,other,5,2,152
2615,male,5,8,200
2616,male,5,8,130
2617,other,6,11,135
2618,female,6,9,198
2619,other,5,9,144
2620,other,5,6,184
2621,other,6,1,137
2622,female,6,8,132
2623,female,6,3,142
2624,other,5,4,199
2625,other,6,4,194
2626,male,6,1,166
2627,other,5,2,200
2628,male,6,1,143
2629,male,6,11,150
2630,male,5,6,184
2631,male,6,2,140
2632,male,6,10,132
2633,male,6,0,131
2634,male,6,6,157
2635,other,6,7,151
2636,other,5,0,186
2637,other,5,4,184
2638,other,6,4,146
2639,female,5,3,159
2640,male,5,11,192
2641,male,6,0,160
2642,other,5,11,183
2643,other,6,4,162
2644,male,6,4,153
2645,male,6,5,135
2646,other,5,3,153
2647,male,6,7,138
2648,other,6,3,177
2649,male,6,3,139
2650,other,5,7,136
2651,male,5,6,189
2652,female,6,4,189
2653,male,5,2,196
2654,male,6,2,170
2655,male,6,11,160
2656,male,6,11,174
2657,female,5,1,148
2658,other,6,4,160
2659,male,6,1,155
2660,male,6,4,178
2661,other,5,2,194
2662,female,5,11,132
2663,male,6,6,196
2664,other,6,11,153
2665,female,5,3,199
2666,male,6,4,143
2667,male,5,3,148
2668,female,5,6,175
2669,male,6,1,187
2670,male,5,1,181
2671,male,6,7,135
2672,other,6,9,145
2673,other,5,10,132
2674,female,5,10,176
2675,other,6,4,189
2676,male,6,11,180
2677,other,6,1,161
2678,female,6,6,177
2679,male,6,1,185
2680,male,6,8,158
2681,male,5,7,167
2682,male,6,8,156
2683,male,5,11,181
2684,male,6,4,162
2685,male,5,4,197
2686,other,6,0,179
2687,female,6,3,177
2688,male,5,9,195
2689,other,6,8,192
2690,other,6,7,171
2691,other,6,11,150
2692,female,5,4,188
2693,other,6,6,130
2694,female,6,1,192
2695,male,6,0,159
2696,male,5,0,174
2697,other,5,3,159
2698,male,5,11,162
2699,female,5,10,196
2700,male,6,2,196
2701,other,5,7,189
2702,other,5,8,183
2703,female,6,1,153
2704,other,5,0,150
2705,male,5,2,132
2706,male,6,3,165
2707,female,5,10,138
2708,other,5,6,191
2709,female,6,2,178
2710,other,5,6,168
2711,male,5,3,167
2712,female,6,7,156
2713,male,5,9,183
2714,female,6,6,187
2715,male,6,1,184
2716,other,5,2,165
2717,other,6,5,130
2718,other,6,6,187
2719,female,6,5,144
2720,female,6,0,175
2721,other,6,10,189
2722,other,6,11,185
2723,female,6,7,140
2724,other,6,10,161
2725,female,5,7,165
2726,male,5,1,165
2727,male,6,10,142
2728,female,5,4,140
2729,male,5,9,159
2730,other,5,9,130
2731,other,5,6,147
2732,male,5,1,172
2733,male,6,11,136
2734,female,6,4,151
2735,male,6,10,164
2736,female,5,10,171
2737,female,5,11,194
2738,male,5,10,164
2739,female,6,1,198
2740,female,6,6,192
2741,male,5,11,151
2742,other,5,1,170
2743,male,6,2,133
2744,female,6,7,177
2745,male,5,3,177
2746,male,5,10,156
2747,female,5,6,199
2748,female,6,1,196
2749,female,5,1,141
2750,male,5,5,160
2751,female,6,4,141
2752,other,6,5,165
2753,other,6,8,137
2754,other,6,11,157
2755,female,5,9,156
2756,female,5,6,151
2757,female,6,11,171
2758,male,6,8,192
2759,female,5,0,141
2760,male,6,4,195
2761,other,5,3,199
2762,male,6,3,174
2763,male,6,9,141
2764,male,5,5,136
2765,female,6,4,130
2766,female,6,6,154
2767,male,5,7,145
2768,other,6,4,169
2769,female,5,2,182
2770,female,6,9,154
2771,female,5,6,153
2772,other,5,11,131
2773,male,6,7,183
2774,other,5,10,178
2775,female,6,3,172
2776,female,6,7,166
2777,male,6,1,142
2778,other,5,5,139
2779,female,5,11,166
2780,female,5,11,149
2781,other,6,4,148
2782,other,5,3,163
2783,other,5,1,195
2784,male,6,10,182
2785,other,5,6,164
2786,other,5,3,158
2787,male,5,8,183
2788,male,6,4,175
2789,other,5,8,157
2790,female,5,8,174
2791,male,6,5,151
2792,other,6,6,185
2793,female,6,5,156
2794,other,5,11,153
2795,female,6,4,182
2796,female,6,0,171
2797,male,6,2,130
2798,female,5,0,164
2799,male,5,1,164
2800,female,5,1,160
2801,female,5,6,168
2802,other,5,9,194
2803,male,5,5,196
2804,male,5,11,163
2805,female,5,8,162
2806,other,6,7,154
2807,other,5,6,145
2808,other,5,7,150
2809,female,6,5,159
2810,other,5,0,177
2811,female,6,6,131
2812,other,5,11,200
2813,other,6,0,155
2814,other,5,3,196
2815,female,5,9,154
2816,male,5,2,183
2817,other,6,4,152
2818,other,6,11,135
2819,male,6,2,134
2820,female,5,7,140
2821,other,5,9,137
2822,male,6,1,160
2823,female,5,8,178
2824,other,6,11,181
2825,male,5,5,158
2826,female,6,11,167
2827,female,5,3,141
2828,male,5,0,152
2829,female,6,10,156
2830,female,6,1,144
2831,male,5,1,152
2832,female,5,0,185
2833,female,6,9,170
2834,female,6,5,176
2835,other,5,6,137
2836,female,5,8,148
2837,other,5,9,190
2838,other,6,10,184
2839,male,6,11,170
2840,other,5,3,169
2841,male,5,3,145
2842,male,5,11,189
2843,male,5,0,163
2844,other,6,10,147
2845,male,5,5,148
2846,other,5,8,155
2847,male,6,9,167
2848,male,5,3,157
2849,female,5,7,137
2850,male,5,6,172
2851,other,5,11,193
2852,other,6,1,196
2853,female,5,9,134
2854,male,5,3,164
2855,male,6,4,165
2856,male,6,5,190
2857,female,6,4,178
2858,other,5,4,174
2859,female,5,11,169
2860,female,6,3,170
2861,female,5,7,181
2862,other,6,6,132
2863,female,6,7,180
2864,male,5,1,160
2865,male,5,6,169
2866,female,5,9,187
2867,female,5,6,159
2868,female,5,1,138
2869,male,6,9,164
2870,female,5,9,172
2871,female,6,5,195
2872,male,5,9,194
2873,female,5,11,181
2874,other,5,10,134
2875,other,5,7,180
2876,male,6,9,148
2877,male,5,2,142
2878,male,5,4,131
2879,male,6,8,160
2880,female,5,8,140
2881,other,5,10,156
2882,female,6,9,149
2883,male,5,11,193
2884,female,5,4,165
2885,other,5,5,164
2886,female,5,7,157
2887,male,5,2,172
2888,other,5,9,193
2889,female,5,0,137
2890,other,5,6,182
2891,other,6,1,157
2892,male,6,1,170
2893,male,6,8,196
2894,male,5,4,163
2895,other,6,6,192
2896,male,5,0,154
2897,other,6,4,148
2898,female,6,4,137
2899,other,5,1,179
2900,female,6,9,195
2901,female,5,9,153
2902,male,5,7,200
2903,male,6,10,140
2904,other,6,10,189
2905,other,5,8,200
2906,female,5,9,183
2907,male,6,4,155
2908,female,5,10,194
2909,other,6,8,160
2910,female,5,11,169
2911,male,6,10,197
2912,male,5,6,143
2913,other,6,8,144
2914,other,6,9,136
2915,male,5,6,178
2916,other,5,7,184
2917,female,6,10,156
2918,other,6,8,189
2919,female,6,3,174
2920,other,6,11,134
2921,other,5,10,175
2922,male,5,0,151
2923,female,5,5,140
2924,male,5,9,150
2925,female,6,1,180
2926,other,5,7,163
2927,male,5,9,144
2928,male,6,11,141
2929,female,5,0,159
2930,male,5,5,156
2931,other,6,8,166
2932,female,5,8,172
2933,female,5,2,183
2934,female,6,10,170
2935,male,6,0,152
2936,other,6,1,183
2937,other,6,7,149
2938,male,6,0,152
2939,male,6,8,170
2940,male,5,8,149
2941,female,5,9,176
2942,female,5,5,137
2943,other,6,3,191
2944,male,5,2,134
2945,female,5,8,168
2946,other,5,10,186
2947,male,6,9,133
2948,other,6,6,158
2949,female,6,1,139
2950,other,6,1,190
2951,male,6,10,198
2952,other,5,7,166
2953,female,6,4,159
2954,male,5,10,148
2955,other,6,5,198
2956,male,6,11,151
2957,female,5,1,190
2958,female,5,0,136
2959,other,5,3,176
2960,female,6,8,168
2961,other,5,0,198
2962,other,6,0,191
2963,male,5,4,188
2964,female,5,7,134
2965,male,6,8,184
2966,female,5,9,164
2967,male,5,8,164
2968,other,5,5,137
2969,female,5,5,199
2970,other,5,5,178
2971,female,5,3,156
2972,female,6,1,169
2973,other,5,5,178
2974,other,6,1,166
2975,female,6,4,136
2976,other,5,10,176
2977,female,5,1,199
2978,female,6,3,167
2979,female,6,0,195
2980,other,6,2,188
2981,other,5,3,145
2982,other,6,4,170
2983,other,5,8,160
2984,female,5,10,200
2985,male,5,5,182
2986,male,6,6,184
2987,male,6,6,173
2988,other,6,10,143
2989,male,5,8,146
2990,male,6,4,177
2991,female,6,2,196
2992,female,6,4,184
2993,other,5,1,166
2994,other,6,6,136
2995,male,5,11,173
2996,male,5,1,152
2997,other,5,4,153
2998,other,5,9,159
2999,male,6,6,155
3000,male,5,8,147
3001,female,6,9,166
3002,other,5,7,158
3003,male,5,7,132
3004,male,6,5,164
3005,other,5,3,134
3006,female,5,3,136
3007,male,5,11,178
3008,male,5,6,134
3009,male,6,6,141
3010,male,5,4,176
3011,female,6,8,193
3012,male,6,9,197
3013,male,5,0,200
3014,female,6,7,148
3015,male,5,11,179
3016,other,6,3,173
3017,male,5,5,144
3018,other,5,8,182
3019,female,5,5,176
3020,female,5,3,199
3021,other,5,10,154
3022,female,6,11,146
3023,female,6,5,164
3024,other,6,3,171
3025,female,6,2,177
3026,female,6,10,178
3027,female,6,1,160
3028,male,5,7,180
3029,female,6,7,198
3030,female,5,0,188
3031,male,6,10,189
3032,female,5,3,134
3033,other,6,4,163
3034,female,5,5,156
3035,other,5,7,148
3036,other,6,6,168
3037,other,5,5,132
3038,male,6,1,173
3039,female,6,1,131
3040,male,5,10,134
3041,other,6,0,158
3042,male,5,10,137
3043,female,5,7,162
3044,male,5,10,179
3045,other,5,6,181
3046,other,6,7,160
3047,female,5,7,161
3048,other,5,11,167
3049,other,5,2,134
3050,other,5,9,137
3051,male,6,5,175
3052,male,6,2,183
3053,male,5,11,168
3054,other,5,7,138
3055,male,5,5,196
3056,male,5,2,170
3057,other,5,11,169
3058,female,6,0,143
3059,other,5,9,174
3060,female,5,7,190
3061,other,6,8,171
3062,other,6,0,134
3063,female,5,3,148
3064,male,5,3,146
3065,female,5,9,167
3066,female,6,1,182
3067,male,5,2,133
3068,other,6,7,158
3069,other,5,5,192
3070,male,5,11,142
3071,male,6,4,165
3072,male,6,7,147
3073,other,6,5,165
3074,female,5,6,193
3075,other,5,2,163
3076,female,6,9,130
3077,male,5,5,177
3078,other,5,7,131
3079,female,6,6,130
3080,other,6,3,167
3081,other,5,7,189
3082,other,5,8,182
3083,male,6,1,197
3084,other,6,7,166
3085,other,5,10,146
3086,male,6,4,147
3087,female,5,1,141
3088,other,5,0,194
3089,female,6,9,166
3090,other,5,3,164
3091,male,5,4,151
3092,male,6,7,162
3093,male,5,0,147
3094,other,5,0,159
3095,female,5,7,152
3096,male,6,11,182
3097,female,5,10,188
3098,male,6,4,197
3099,other,6,4,137
3100,female,5,3,152
3101,female,6,5,194
3102,male,6,7,159
3103,female,6,10,137
3104,male,5,8,160
3105,female,5,4,183
3106,female,6,2,167
3107,female,6,6,174
3108,male,6,10,185
3109,male,6,5,182
3110,female,6,0,138
3111,male,5,3,145
3112,female,5,1,132
3113,other,6,1,185
3114,female,6,6,136
3115,male,6,3,158
3116,other,5,2,179
3117,female,5,8,181
3118,male,5,9,159
3119,male,5,9,196
3120,male,6,7,192
3121,male,6,0,151
3122,other,5,4,160
3123,male,5,9,192
3124,female,6,4,197
3125,male,5,1,200
3126,female,5,7,141
3127,other,6,3,176
3128,other,6,7,169
3129,other,6,10,186
3130,male,5,1,188
3131,female,5,11,146
3132,other,6,8,170
3133,male,5,9,170
3134,female,5,11,163
3135,other,5,5,178
3136,female,5,10,141
3137,female,5,6,180
3138,female,6,0,190
3139,female,6,4,147
3140,other,6,2,178
3141,female,5,0,142
3142,other,5,5,143
3143,female,6,2,145
3144,other,6,8,136
3145,male,5,2,181
3146,male,5,1,199
3147,other,5,0,191
3148,male,5,10,131
3149,female,6,1,187
3150,male,5,1,194
3151,other,6,4,149
3152,female,6,11,193
3153,other,6,5,150
3154,male,5,6,197
3155,female,5,8,152
3156,female,6,4,200
3157,male,6,0,186
3158,female,5,8,144
3159,male,6,2,145
3160,other,6,10,139
3161,male,6,7,146
3162,other,5,5,133
3163,other,6,3,143
3164,male,5,1,182
3165,male,6,8,133
3166,other,6,3,149
3167,other,6,2,197
3168,female,5,0,163
3169,male,6,4,155
3170,female,5,7,197
3171,female,5,7,177
3172,other,5,0,186
3173,male,5,10,154
3174,other,6,6,152
3175,male,6,1,158
3176,male,5,7,182
3177,other,6,7,142
3178,male,6,3,148
3179,female,6,8,148
3180,female,6,4,142
3181,male,6,8,138
3182,male,6,2,188
3183,female,5,9,197
3184,female,6,5,172
3185,male,6,6,172
3186,female,5,2,160
3187,other,6,11,172
3188,female,5,5,175
3189,other,6,7,132
3190,male,5,1,189
3191,other,5,0,138
3192,other,6,4,154
3193,male,6,2,192
3194,female,5,2,151
3195,male,6,2,168
3196,other,5,0,135
3197,female,6,9,161
3198,female,6,1,191
3199,male,6,1,184
3200,male,6,5,168
3201,male,5,8,170
3202,male,6,8,176
3203,female,5,4,173
3204,other,5,3,183
3205,other,6,7,186
3206,female,5,1,172
3207,male,5,1,137
3208,female,6,1,166
3209,female,5,9,185
3210,female,5,9,138
3211,female,6,11,141
3212,other,5,4,163
3213,other,6,8,139
3214,female,6,5,197
3215,other,5,8,157
3216,male,6,9,169
3217,female,5,9,191
3218,male,6,3,180
3219,male,6,7,150
3220,other,5,2,195
3221,male,6,6,150
3222,other,5,8,178
3223,male,5,6,139
3224,male,5,8,164
3225,female,5,1,182
3226,other,5,2,153
3227,other,6,1,163
3228,female,5,3,194
3229,other,5,1,196
3230,other,6,9,189
3231,female,5,2,140
3232,female,6,7,135
3233,other,6,8,167
3234,other,6,2,187
3235,other,6,11,185
3236,other,6,1,172
3237,female,6,11,142
3238,other,5,1,182
3239,male,6,4,144
3240,male,6,5,183
3241,male,6,2,146
3242,female,5,6,180
3243,male,5,0,149
3244,male,6,4,194
3245,other,6,11,173
3246,male,6,3,196
3247,male,5,7,149
3248,female,5,7,135
3249,other,6,3,172
3250,female,5,6,156
3251,female,5,1,155
3252,female,5,0,188
3253,other,5,6,133
3254,male,5,7,190
3255,female,5,0,165
3256,female,5,4,172
3257,other,5,2,180
3258,other,5,1,166
3259,other,6,2,157
3260,other,5,3,142
3261,female,5,2,183
3262,male,6,2,197
3263,other,6,4,187
3264,male,6,4,189
3265,female,6,0,170
3266,male,5,10,154
3267,male,6,9,141
3268,male,6,5,130
3269,female,6,6,132
3270,male,5,4,196
3271,other,5,9,173
3272,other,6,3,134
3273,male,5,1,148
3274,male,6,4,200
3275,other,5,0,178
3276,female,6,3,184
3277,other,5,5,140
3278,other,6,2,196
3279,female,6,1,136
3280,male,5,5,163
3281,other,5,8,166
3282,male,6,7,196
3283,female,5,11,140
3284,female,6,4,140
3285,male,6,8,148
3286,female,6,10,167
3287,other,5,0,165
3288,other,5,6,193
3289,male,6,2,179
3290,female,6,8,155
3291,other,6,6,132
3292,female,5,6,142
3293,male,6,11,145
3294,male,6,8,180
3295,male,6,11,145
3296,male,5,8,194
3297,other,5,7,169
3298,female,5,8,171
3299,female,6,6,199
3300,male,6,5,149
3301,male,5,0,180
3302,other,6,4,173
3303,female,6,7,152
3304,male,6,7,187
3305,female,5,7,151
3306,female,5,11,159
3307,female,6,6,142
3308,other,5,4,165
3309,other,6,4,179
3310,female,6,6,175
3311,female,6,0,188
3312,male,5,8,135
3313,other,5,9,149
3314,other,6,2,189
3315,male,6,0,188
3316,female,5,9,163
3317,male,6,2,179
3318,other,5,6,167
3319,male,6,8,166
3320,male,6,3,133
3321,other,6,4,183
3322,female,5,9,177
3323,male,5,11,176
3324,male,5,1,142
3325,male,6,5,131
3326,male,6,9,198
3327,other,5,3,135
3328,other,6,11,200
3329,other,5,8,160
3330,female,5,4,136
3331,other,6,1,176
3332,male,5,7,172
3333,male,5,7,161
3334,male,6,5,152
3335,other,5,5,148
3336,male,6,5,145
3337,other,6,9,130
3338,other,6,9,165
3339,female,5,1,184
3340,male,6,1,166
3341,male,6,10,162
3342,male,5,1,197
3343,female,6,9,175
3344,female,6,3,138
3345,other,5,6,140
3346,other,5,6,186
3347,female,5,9,153
3348,male,5,11,193
3349,male,5,1,185
3350,other,5,9,130
3351,female,6,1,145
3352,other,5,5,150
3353,male,6,1,164
3354,female,6,9,135
3355,other,5,9,141
3356,male,6,11,187
3357,female,6,4,182
3358,other,5,1,133
3359,female,5,9,132
3360,other,6,1,139
3361,male,5,5,146
3362,female,6,5,181
3363,female,5,3,140
3364,female,6,5,191
3365,male,5,11,158
3366,male,6,9,176
3367,male,5,7,149
3368,other,6,8,188
3369,other,5,0,168
3370,other,6,5,148
3371,male,5,4,134
3372,female,5,7,132
3373,other,6,5,183
3374,female,5,5,199
3375,male,6,5,155
3376,male,6,2,154
3377,other,5,11,167
3378,male,5,3,133
3379,female,5,6,159
3380,male,5,9,147
3381,female,5,2,147
3382,male,6,7,191
3383,other,5,11,148
3384,female,5,5,132
3385,male,6,10,140
3386,other,5,2,178
3387,other,6,6,173
3388,male,5,8,136
3389,male,5,7,195
3390,male,5,10,144
3391,male,6,3,173
3392,female,5,9,187
3393,male,5,3,137
3394,female,5,5,150
3395,male,6,7,178
3396,male,5,1,154
3397,female,6,7,148
3398,other,5,4,131
3399,male,6,0,145
3400,male,5,3,164
3401,male,6,6,184
3402,female,6,1,196
3403,other,6,11,167
3404,other,6,9,168
3405,male,6,4,131
3406,other,6,3,142
3407,female,5,8,144
3408,male,6,9,155
3409,other,6,3,179
3410,male,5,8,174
3411,other,5,1,152
3412,other,5,11,161
3413,other,6,9,165
3414,male,5,9,169
3415,other,6,4,196
3416,male,5,2,145
3417,male,6,1,195
3418,male,5,7,188
3419,female,5,4,168
3420,other,6,5,130
3421,female,5,1,174
3422,other,6,8,167
3423,other,6,11,179
3424,other,6,11,151
3425,female,5,11,152
3426,female,6,1,131
3427,male,6,8,135
3428,other,5,7,174
3429,female,6,10,177
3430,male,5,10,167
3431,male,6,8,171
3432,male,5,11,143
3433,female,6,5,166
3434,female,5,5,166
3435,male,5,9,133
3436,female,5,11,137
3437,male,5,2,145
3438,other,5,4,189
3439,male,6,10,140
3440,other,6,1,188
3441,other,5,6,149
3442,female,6,5,162
3443,male,5,2,175
3444,male,5,1,141
3445,male,5,2,174
3446,other,5,10,187
3447,female,5,6,185
3448,female,6,5,162
3449,female,5,2,152
3450,female,5,6,182
3451,other,6,1,138
3452,other,6,0,131
3453,other,6,7,196
3454,male,5,9,157
3455,other,6,6,200
3456,male,5,11,140
3457,female,6,9,160
3458,other,5,2,197
3459,female,6,6,174
3460,female,5,6,156
3461,female,6,4,179
3462,other,6,6,177
3463,other,6,7,155
3464,female,6,7,133
3465,male,6,6,142
3466,other,6,6,185
3467,female,6,9,175
3468,other,6,9,139
3469,female,5,2,181
3470,female,6,5,143
3471,female,6,1,177
3472,other,6,7,133
3473,other,6,6,135
3474,female,5,6,133
3475,other,5,6,137
3476,female,5,10,159
3477,male,5,4,189
3478,male,6,2,160
3479,male,6,1,180
3480,male,6,4,132
3481,male,6,0,179
3482,other,5,4,166
3483,male,6,10,165
3484,other,5,11,155
3485,other,6,4,195
3486,other,6,9,188
3487,other,5,7,194
3488,female,5,9,182
3489,other,5,11,135
3490,female,5,8,141
3491,female,6,8,139
3492,other,5,10,138
3493,other,5,4,167
3494,other,6,3,198
3495,other,6,4,153
3496,other,6,6,166
3497,female,6,11,169
3498,female,6,2,132
3499,other,5,6,151
3500,other,6,10,136
3501,female,6,7,157
3502,female,6,9,152
3503,female,5,1,175
3504,male,6,8,158
3505,female,6,5,178
3506,female,5,8,159
3507,male,5,0,140
3508,female,5,8,174
3509,other,5,5,155
3510,other,5,5,167
3511,male,5,1,152
3512,other,5,9,155
3513,male,6,5,156
3514,male,5,11,154
3515,male,5,5,193
3516,female,5,0,190
3517,male,6,3,177
3518,other,6,3,142
3519,male,6,6,147
3520,other,6,3,191
3521,female,6,5,153
3522,female,6,5,151
3523,male,5,3,186
3524,female,5,6,168
3525,other,5,3,159
3526,female,6,7,166
3527,female,5,4,180
3528,male,5,5,150
3529,male,5,6,174
3530,female,5,4,130
3531,female,6,5,180
3532,male,6,8,171
3533,male,5,0,195
3534,other,6,6,177
3535,male,5,2,194
3536,female,5,1,153
3537,other,6,2,131
3538,male,5,6,151
3539,other,6,6,169
3540,other,6,11,143
3541,other,6,9,189
3542,female,5,9,136
3543,female,6,2,181
3544,male,6,6,145
3545,male,6,3,167
3546,other,6,7,196
3547,male,6,1,132
3548,male,6,10,197
3549,male,5,7,181
3550,other,6,4,182
3551,female,6,11,152
3552,female,6,1,167
3553,other,6,3,176
3554,female,5,0,183
3555,other,6,11,196
3556,female,5,6,136
3557,male,5,5,197
3558,female,5,3,146
3559,other,6,2,194
3560,other,6,11,160
3561,male,5,3,141
3562,other,5,11,159
3563,male,6,10,153
3564,female,5,10,159
3565,female,5,3,148
3566,female,6,3,157
3567,other,5,11,156
3568,other,6,7,169
3569,male,5,7,167
3570,male,5,1,178
3571,female,6,7,169
3572,male,6,10,197
3573,male,6,4,173
3574,male,6,3,141
3575,other,6,11,179
3576,other,5,8,147
3577,female,5,5,167
3578,female,6,6,158
3579,female,5,6,180
3580,other,6,1,183
3581,male,5,2,199
3582,male,5,1,143
3583,female,5,3,154
3584,female,5,8,184
3585,other,6,11,189
3586,male,5,3,141
3587,female,6,7,183
3588,female,6,10,161
3589,other,5,3,192
3590,other,5,2,186
3591,other,6,7,147
3592,female,6,0,139
3593,female,5,1,155
3594,female,5,2,132
3595,female,5,0,194
3596,female,6,0,148
3597,male,6,5,173
3598,male,5,2,152
3599,male,6,7,163
3600,other,5,9,135
3601,other,6,2,166
3602,other,5,4,192
3603,male,5,8,169
3604,female,6,0,199
3605,female,5,4,151
3606,other,6,3,181
3607,male,6,10,134
3608,other,5,6,181
3609,other,6,10,178
3610,female,6,3,159
3611,male,6,8,159
3612,other,5,5,171
3613,other,5,4,170
3614,female,6,4,168
3615,other,5,4,135
3616,other,6,10,151
3617,male,5,5,198
3618,female,5,4,189
3619,other,6,8,137
3620,female,6,10,163
3621,male,6,7,179
3622,male,6,4,136
3623,other,5,6,174
3624,other,6,9,153
3625,other,5,0,132
3626,female,6,3,140
3627,female,5,3,185
3628,female,5,10,195
3629,other,5,10,169
3630,male,6,7,154
3631,other,6,11,146
3632,male,5,3,133
3633,female,5,4,157
3634,other,6,7,134
3635,male,5,2,178
3636,male,6,8,159
3637,male,6,0,195
3638,other,6,10,185
3639,female,6,7,188
3640,female,6,9,144
3641,other,5,3,162
3642,male,5,9,175
3643,male,5,2,177
3644,other,6,9,173
3645,male,6,1,155
3646,female,5,10,145
3647,male,5,10,143
3648,female,6,2,139
3649,male,6,6,143
3650,other,6,2,150
3651,other,5,2,135
3652,male,6,5,178
3653,female,5,11,147
3654,male,5,3,193
3655,other,6,9,186
3656,female,6,10,185
3657,male,5,8,154
3658,female,6,9,164
3659,male,6,6,145
3660,female,6,3,192
3661,female,6,11,141
3662,female,6,8,174
3663,male,5,6,191
3664,other,5,2,136
3665,other,6,2,188
3666,female,6,10,189
3667,female,6,2,168
3668,male,5,10,141
3669,male,5,7,151
3670,female,6,5,142
3671,other,6,0,140
3672,female,5,10,163
3673,other,5,8,152
3674,male,6,11,143
3675,female,6,8,197
3676,female,6,3,180
3677,female,5,2,175
3678,other,6,5,162
3679,other,6,5,167
3680,female,5,11,157
3681,male,5,11,185
3682,male,5,3,143
3683,male,5,7,152
3684,male,5,0,142
3685,female,5,1,182
3686,other,6,8,167
3687,female,6,6,136
3688,male,5,3,179
3689,male,6,11,184
3690,male,6,10,153
3691,female,6,0,176
3692,male,5,9,190
3693,male,6,5,180
3694,female,6,5,177
3695,male,5,2,199
3696,other,5,5,150
3697,other,5,0,155
3698,other,5,4,165
3699,female,5,4,156
3700,other,6,4,150
3701,other,6,6,147
3702,male,5,8,196
3703,male,5,10,134
3704,female,6,7,153
3705,female,5,1,191
3706,male,6,3,176
3707,female,6,1,168
3708,other,5,9,131
3709,male,5,0,194
3710,female,5,7,158
3711,female,6,2,161
3712,female,5,0,140
3713,other,6,4,194
3714,female,6,11,184
3715,female,6,6,182
3716,other,6,11,137
3717,female,6,11,188
3718,female,5,2,136
3719,female,6,7,177
3720,male,6,4,146
3721,male,5,7,184
3722,male,6,8,141
3723,other,6,3,133
3724,female,6,11,161
3725,male,6,10,140
3726,other,5,1,179
3727,female,5,7,185
3728,male,5,0,198
3729,female,5,2,182
3730,other,6,11,145
3731,female,6,0,148
3732,other,6,7,167
3733,female,6,4,193
3734,male,6,11,155
3735,female,6,3,138
3736,male,5,8,144
3737,other,5,3,160
3738,male,6,2,166
3739,female,6,7,182
3740,male,5,9,190
3741,other,6,5,152
3742,female,6,6,154
3743,female,5,2,184
3744,female,6,5,193
3745,other,6,9,185
3746,male,5,9,144
3747,male,6,0,132
3748,male,6,11,181
3749,other,5,8,138
3750,female,5,8,167
3751,male,6,1,186
3752,female,6,6,150
3753,female,5,6,174
3754,male,5,1,166
3755,other,5,4,194
3756,female,5,5,165
3757,other,5,3,181
3758,female,5,10,138
3759,female,6,9,179
3760,other,5,10,192
3761,female,6,11,198
3762,male,5,3,197
3763,male,6,1,174
3764,female,5,4,139
3765,other,5,8,198
3766,female,6,2,161
3767,male,5,11,189
3768,other,5,9,195
3769,other,5,0,152
3770,male,5,11,139
3771,female,6,11,158
3772,female,6,11,136
3773,male,6,9,148
3774,female,5,5,176
3775,female,5,11,162
3776,female,5,5,187
3777,other,6,2,156
3778,other,6,7,147
3779,female,5,8,147
3780,female,5,9,180
3781,male,5,10,132
3782,female,5,3,152
3783,female,6,9,146
3784,male,5,0,157
3785,other,6,11,168
3786,other,6,5,176
3787,male,6,11,193
3788,female,5,8,145
3789,other,5,8,139
3790,female,6,1,198
3791,other,5,5,130
3792,male,5,2,139
3793,female,6,6,145
3794,male,5,0,186
3795,male,5,7,172
3796,other,5,0,194
3797,male,5,5,189
3798,female,6,9,189
3799,male,6,3,139
3800,other,6,4,185
3801,male,5,8,131
3802,male,6,1,149
3803,male,5,9,197
3804,male,6,4,200
3805,male,5,7,132
3806,male,5,0,170
3807,female,6,10,189
3808,female,6,5,134
3809,other,5,4,191
3810,other,6,7,152
3811,female,5,9,175
3812,male,5,7,153
3813,male,6,7,141
3814,female,5,8,198
3815,female,6,3,172
3816,female,5,0,181
3817,female,6,6,184
3818,other,5,2,163
3819,other,6,5,198
3820,female,6,6,131
3821,male,5,10,150
3822,other,6,5,181
3823,male,5,11,200
3824,male,5,1,160
3825,male,5,0,143
3826,female,5,4,134
3827,male,5,4,173
3828,male,6,6,163
3829,female,6,1,189
3830,other,6,0,155
3831,male,6,6,144
3832,male,5,8,194
3833,male,6,1,135
3834,male,5,11,187
3835,male,6,4,198
3836,other,6,9,146
3837,other,5,4,170
3838,male,6,0,178
3839,female,6,0,184
3840,other,5,1,170
3841,other,5,10,152
3842,female,6,0,180
3843,other,5,7,168
3844,other,5,11,189
3845,male,6,8,149
3846,other,6,2,198
3847,female,5,8,168
3848,male,5,7,191
3849,other,5,0,141
3850,male,6,9,184
3851,male,6,9,180
3852,other,5,2,146
3853,female,6,1,138
3854,female,5,5,185
3855,male,5,8,162
3856,other,6,6,166
3857,male,6,9,187
3858,other,6,5,185
3859,female,5,11,163
3860,male,6,11,150
3861,male,6,1,150
3862,male,5,11,168
3863,other,5,1,172
3864,other,6,11,173
3865,female,5,3,187
3866,female,5,4,190
3867,female,6,2,151
3868,other,6,1,149
3869,female,6,1,138
3870,other,5,0,138
3871,other,5,7,189
3872,other,5,11,138
3873,male,6,10,173
3874,female,6,1,191
3875,female,5,9,154
3876,other,6,0,131
3877,other,5,3,191
3878,female,6,5,165
3879,male,5,0,175
3880,female,6,10,145
3881,female,5,9,148
3882,other,5,9,141
3883,other,6,7,166
3884,other,6,6,169
3885,male,5,8,168
3886,other,6,7,185
3887,male,5,6,136
3888,female,5,1,165
3889,male,5,6,133
3890,other,6,9,178
3891,female,5,10,146
3892,male,6,3,169
3893,female,6,2,154
3894,male,6,7,143
3895,female,5,4,154
3896,other,5,2,192
3897,female,6,1,188
3898,male,5,2,161
3899,male,6,2,192
3900,male,6,2,172
3901,other,5,1,176
3902,female,6,1,185
3903,other,5,10,164
3904,male,6,9,191
3905,other,5,1,193
3906,other,5,6,173
3907,male,6,8,186
3908,other,6,8,134
3909,female,6,1,136
3910,male,5,11,167
3911,female,6,6,167
3912,female,6,0,148
3913,other,5,1,190
3914,female,5,1,155
3915,female,5,10,182
3916,other,5,5,154
3917,female,5,2,199
3918,male,6,4,160
3919,female,5,2,164
3920,male,6,10,168
3921,male,5,10,181
3922,female,6,0,154
3923,male,5,1,163
3924,female,5,8,131
3925,other,5,0,130
3926,male,5,10,152
3927,male,5,5,185
3928,male,6,9,199
3929,other,5,9,141
3930,male,6,5,137
3931,female,5,10,145
3932,other,5,4,194
3933,female,6,2,161
3934,female,5,0,135
3935,female,6,0,177
3936,male,5,1,148
3937,female,5,0,164
3938,male,6,1,153
3939,other,5,4,198
3940,male,5,7,161
3941,other,5,4,175
3942,male,6,9,155
3943,female,6,6,194
3944,female,5,2,155
3945,male,5,7,145
3946,female,5,3,157
3947,female,5,1,167
3948,female,5,1,176
3949,other,6,1,144
3950,other,6,6,130
3951,other,5,8,195
3952,male,5,0,151
3953,male,5,0,153
3954,male,6,5,195
3955,female,6,10,175
3956,other,6,3,190
3957,female,5,1,173
3958,male,6,0,172
3959,female,5,0,145
3960,male,6,8,200
3961,other,5,9,174
3962,other,5,11,143
3963,male,6,5,151
3964,other,6,10,195
3965,female,6,11,178
3966,other,6,1,153
3967,male,6,0,142
3968,other,6,9,191
3969,male,6,0,159
3970,female,6,0,189
3971,female,6,1,137
3972,other,6,7,141
3973,male,6,2,190
3974,other,6,6,145
3975,male,6,4,199
3976,female,6,5,130
3977,female,5,4,164
3978,other,5,9,181
3979,male,6,8,136
3980,male,6,7,187
3981,male,5,5,175
3982,male,6,1,148
3983,other,6,9,195
3984,male,5,10,143
3985,male,6,0,155
3986,female,6,7,142
3987,female,5,7,161
3988,female,5,4,174
3989,male,6,1,182
3990,other,6,2,148
3991,other,5,5,140
3992,male,6,6,166
3993,other,6,7,138
3994,male,6,8,195
3995,male,6,8,179
3996,other,6,1,199
3997,female,6,5,196
3998,male,6,4,193
3999,male,5,5,154
4000,female,6,4,141
4001,other,6,6,148
4002,other,6,2,158
4003,other,6,4,144
4004,male,5,11,199
4005,female,5,2,193
4006,female,5,10,197
4007,female,6,9,186
4008,other,6,4,186
4009,male,5,11,144
4010,other,6,1,139
4011,female,5,2,135
4012,other,5,1,143
4013,other,5,5,169
4014,male,6,5,147
4015,male,5,9,152
4016,female,5,2,168
4017,male,5,8,196
4018,other,5,4,132
4019,other,5,5,200
4020,other,5,5,191
4021,other,5,0,180
4022,female,5,6,144
4023,female,5,11,160
4024,female,5,3,144
4025,other,5,1,162
4026,female,5,6,189
4027,female,5,2,174
4028,other,5,5,192
4029,female,6,10,146
4030,other,6,6,138
4031,male,6,6,145
4032,male,6,1,132
4033,male,5,4,166
4034,other,5,8,138
4035,other,5,7,158
4036,male,6,4,146
4037,other,6,3,166
4038,other,5,10,175
4039,female,6,4,192
4040,male,6,6,200
4041,female,6,8,194
4042,other,6,4,148
4043,other,5,9,155
4044,female,5,11,164
4045,male,6,9,192
4046,female,5,11,140
4047,other,6,3,195
4048,other,6,3,145
4049,male,6,11,192
4050,other,5,0,180
4051,male,5,3,194
4052,other,5,7,184
4053,male,6,10,177
4054,male,5,1,144
4055,other,6,4,186
4056,other,6,0,200
4057,female,6,11,139
4058,male,5,0,165
4059,male,5,7,192
4060,male,5,0,131
4061,other,6,10,189
4062,male,5,9,133
4063,male,6,11,165
4064,other,6,0,140
4065,other,6,5,182
4066,other,6,10,173
4067,female,6,5,130
4068,other,5,4,191
4069,male,5,8,170
4070,other,5,1,188
4071,female,5,7,155
4072,other,5,0,154
4073,female,5,10,144
4074,other,5,8,138
4075,male,6,4,133
4076,other,6,11,143
4077,female,5,11,168
4078,female,5,3,178
4079,female,5,3,174
4080,female,5,0,160
4081,female,6,5,150
4082,other,5,2,194
4083,male,6,7,139
4084,other,5,3,180
4085,female,6,3,158
4086,male,6,0,141
4087,male,5,9,135
4088,male,5,1,130
4089,other,5,7,140
4090,female,6,8,164
4091,other,5,10,185
4092,male,5,5,168
4093,male,5,6,180
4094,male,6,8,148
4095,male,5,11,165
4096,male,6,3,163
4097,other,5,6,191
4098,male,6,4,184
4099,female,6,2,134
4100,male,6,6,167
4101,male,5,10,148
4102,male,5,3,165
4103,other,5,10,137
4104,male,6,8,156
4105,male,6,4,154
4106,other,5,2,145
4107,female,5,11,171
4108,female,6,10,135
4109,other,6,11,138
4110,other,5,11,161
4111,female,6,8,161
4112,male,5,7,145
4113,male,6,2,175
4114,male,5,1,167
4115,other,6,10,184
4116,other,5,8,195
4117,female,5,7,131
4118,male,5,10,158
4119,other,5,10,199
4120,male,5,11,161
4121,other,6,8,130
4122,female,6,10,197
4123,female,6,5,187
4124,female,5,6,170
4125,male,5,9,138
4126,female,5,4,161
4127,other,5,11,181
4128,male,5,1,145
4129,female,6,8,146
4130,male,5,3,157
4131,other,6,2,137
4132,male,6,7,160
4133,female,6,5,139
4134,female,5,3,190
4135,male,6,3,191
4136,other,5,11,190
4137,male,5,0,184
4138,female,6,7,152
4139,female,5,4,199
4140,other,5,6,134
4141,male,6,9,136
4142,female,6,10,151
4143,other,6,8,134
4144,male,5,0,138
4145,other,6,7,168
4146,male,6,6,153
4147,other,6,0,196
4148,male,6,7,162
4149,female,5,1,189
4150,male,6,11,177
4151,other,6,5,180
4152,other,5,8,142
4153,female,6,3,165
4154,male,5,1,175
4155,female,5,2,176
4156,male,5,5,149
4157,male,5,4,169
4158,female,5,2,188
4159,other,6,9,153
4160,male,6,9,160
4161,other,5,4,181
4162,male,5,0,199
4163,other,6,6,176
4164,female,5,3,141
4165,other,6,10,185
4166,male,6,7,130
4167,other,5,7,142
4168,male,5,11,156
4169,female,5,8,171
4170,other,5,5,159
4171,male,6,11,151
4172,other,6,3,200
4173,male,5,9,200
4174,other,5,9,176
4175,other,5,3,178
4176,female,5,7,171
4177,female,6,9,176
4178,other,6,11,136
4179,male,6,4,176
4180,other,5,9,155
4181,male,5,0,198
4182,other,6,11,200
4183,female,5,11,168
4184,female,5,1,182
4185,female,6,3,167
4186,female,6,6,175
4187,female,6,11,133
4188,other,6,3,189
4189,female,6,9,188
4190,female,6,3,188
4191,male,5,5,176
4192,other,6,6,187
4193,male,6,10,138
4194,female,5,10,197
4195,male,5,4,175
4196,female,6,11,197
4197,other,5,1,187
4198,other,5,4,154
4199,other,5,10,165
4200,other,5,10,167
4201,male,6,3,140
4202,female,6,3,155
4203,male,5,0,131
4204,male,6,9,152
4205,male,5,8,165
4206,male,6,3,136
4207,female,6,1,142
4208,female,5,8,178
4209,other,5,5,180
4210,other,6,5,152
4211,male,5,5,170
4212,other,6,5,137
4213,male,6,7,156
4214,male,6,3,131
4215,male,5,5,173
4216,male,6,10,200
4217,male,6,7,143
4218,female,5,9,154
4219,other,6,9,143
4220,other,5,4,200
4221,male,5,10,199
4222,male,5,9,146
4223,other,6,5,132
4224,male,5,9,163
4225,other,5,2,194
4226,other,6,2,147
4227,female,5,7,130
4228,female,5,8,176
4229,female,6,0,152
4230,female,5,11,192
4231,male,5,3,155
4232,female,5,1,193
4233,female,6,0,170
4234,other,5,11,180
4235,other,6,0,194
4236,other,6,1,151
4237,male,6,1,172
4238,female,6,8,192
4239,other,6,3,184
4240,other,5,9,166
4241,male,6,6,168
4242,other,5,10,137
4243,other,5,7,176
4244,female,6,0,193
4245,other,6,4,184
4246,other,6,7,171
4247,other,6,0,136
4248,other,5,7,146
4249,female,5,4,153
4250,female,6,4,164
4251,female,6,9,192
4252,male,6,10,157
4253,other,5,4,143
4254,male,6,2,185
4255,male,6,7,167
4256,male,5,6,172
4257,male,6,11,137
4258,male,5,2,138
4259,female,6,5,171
4260,male,6,3,190
4261,female,6,5,157
4262,female,5,4,139
4263,male,5,5,191
4264,female,6,6,187
4265,male,6,2,158
4266,other,5,6,147
4267,other,6,7,172
4268,male,6,0,130
4269,male,6,1,181
4270,female,5,9,195
4271,female,6,10,185
4272,male,6,9,200
4273,female,5,10,192
4274,female,5,3,183
4275,female,5,8,152
4276,other,5,2,200
4277,female,6,7,188
4278,male,5,9,190
4279,female,6,10,183
4280,female,5,11,148
4281,other,5,3,172
4282,male,6,2,145
4283,female,6,9,173
4284,other,6,8,154
4285,female,5,9,174
4286,female,5,6,131
4287,other,6,11,182
4288,female,6,8,182
4289,male,5,6,193
4290,male,5,0,159
4291,male,6,3,181
4292,other,6,1,137
4293,other,6,6,171
4294,female,6,11,155
4295,male,6,11,142
4296,other,6,6,197
4297,female,5,4,136
4298,female,5,3,178
4299,male,6,1,187
4300,male,6,0,148
4301,female,5,7,132
4302,other,6,6,187
4303,other,6,7,189
4304,male,6,5,133
4305,female,5,6,152
4306,female,6,9,132
4307,male,6,8,186
4308,male,6,10,133
4309,female,6,4,183
4310,female,5,4,140
4311,male,5,3,137
4312,male,6,4,144
4313,other,5,7,195
4314,female,6,6,153
4315,male,5,10,147
4316,other,5,1,155
4317,other,5,3,153
4318,other,6,9,141
4319,other,6,6,173
4320,other,5,2,181
4321,other,6,1,158
4322,other,5,3,137
4323,female,5,6,177
4324,female,5,4,184
4325,other,5,5,163
4326,male,5,2,165
4327,other,6,7,186
4328,other,6,6,181
4329,other,5,11,167
4330,other,5,3,183
4331,female,5,8,173
4332,other,5,8,135
4333,female,6,1,180
4334,female,5,10,182
4335,female,5,2,199
4336,male,5,8,140
4337,female,6,0,135
4338,female,6,8,185
4339,other,6,6,160
4340,other,5,9,186
4341,female,5,8,133
4342,male,5,11,133
4343,male,6,8,185
4344,female,5,11,198
4345,male,5,8,155
4346,male,5,1,189
4347,female,6,3,186
4348,other,6,10,151
4349,female,5,7,141
4350,female,5,4,143
4351,female,6,4,182
4352,female,6,6,136
4353,other,6,0,191
4354,other,6,6,181
4355,other,5,0,196
4356,female,5,4,194
4357,male,5,8,186
4358,female,5,7,181
4359,male,6,1,177
4360,other,6,8,158
4361,other,5,11,139
4362,male,6,9,135
4363,male,6,5,130
4364,male,6,3,172
4365,male,6,11,162
4366,other,6,7,146
4367,male,6,0,196
4368,male,5,10,146
4369,male,6,3,142
4370,female,5,5,150
4371,male,5,8,151
4372,other,5,2,133
4373,other,5,5,182
4374,male,5,4,165
4375,other,5,7,150
4376,other,5,2,193
4377,female,5,4,200
4378,male,5,11,178
4379,male,6,7,153
4380,male,6,1,161
4381,female,6,3,187
4382,male,6,1,148
4383,male,6,2,143
4384,other,5,5,161
4385,female,5,7,158
4386,male,6,8,198
4387,other,6,11,199
4388,male,6,11,163
4389,male,6,0,156
4390,other,5,6,134
4391,other,6,10,137
4392,male,5,2,167
4393,female,6,7,182
4394,male,6,10,158
4395,male,5,1,175
4396,female,5,3,158
4397,male,6,8,150
4398,other,5,0,157
4399,male,6,3,157
4400,other,6,6,141
4401,other,6,3,186
4402,female,5,7,136
4403,male,6,6,182
4404,other,5,1,184
4405,other,5,0,186
4406,male,5,9,162
4407,male,5,11,160
4408,other,5,11,134
4409,female,5,3,173
4410,other,5,10,182
4411,female,6,11,193
4412,other,6,9,178
4413,other,5,11,142
4414,female,6,3,146
4415,male,6,2,135
4416,other,6,11,134
4417,female,5,2,174
4418,male,6,8,165
4419,male,6,5,170
4420,female,6,9,184
4421,male,6,3,160
4422,female,5,10,194
4423,female,6,1,156
4424,female,6,1,178
4425,female,5,3,142
4426,female,6,9,130
4427,other,6,1,198
4428,male,6,9,155
4429,male,6,7,159
4430,male,5,10,171
4431,female,6,6,199
4432,other,5,3,166
4433,other,5,10,157
4434,male,6,0,170
4435,female,5,9,140
4436,female,5,11,133
4437,female,6,6,150
4438,other,6,7,142
4439,male,6,6,157
4440,other,5,4,146
4441,male,6,1,195
4442,other,5,5,133
4443,female,5,1,162
4444,female,5,4,183
4445,other,5,7,176
4446,female,6,5,149
4447,male,6,3,181
4448,male,5,11,194
4449,male,6,6,170
4450,male,5,7,184
4451,male,6,10,171
4452,female,5,8,136
4453,other,6,11,175
4454,other,6,0,180
4455,male,5,2,142
4456,male,5,3,181
4457,male,6,10,194
4458,other,5,1,195
4459,other,5,10,141
4460,male,6,6,185
4461,other,6,5,163
4462,female,6,8,143
4463,other,5,0,150
4464,male,5,11,160
4465,female,6,10,155
4466,male,5,4,172
4467,male,6,0,177
4468,male,5,2,133
4469,other,6,2,197
4470,female,6,6,141
4471,other,6,9,159
4472,male,5,8,192
4473,other,6,6,139
4474,female,5,3,158
4475,other,6,10,193
4476,male,6,7,139
4477,male,5,5,194
4478,other,5,4,194
4479,female,6,7,183
4480,other,5,5,155
4481,male,6,3,169
4482,male,6,8,198
4483,other,5,2,162
4484,female,6,6,152
4485,other,5,9,151
4486,female,5,7,144
4487,other,6,3,180
4488,other,6,3,199
4489,female,5,9,189
4490,male,6,4,192
4491,other,6,2,138
4492,other,5,4,196
4493,female,5,9,199
4494,female,6,11,180
4495,female,5,10,141
4496,male,5,4,175
4497,other,6,6,144
4498,other,5,0,191
4499,female,6,4,173
4500,other,5,8,168
4501,female,6,2,173
4502,female,5,4,182
4503,other,6,3,198
4504,other,5,7,188
4505,male,6,4,169
4506,female,6,2,160
4507,female,5,6,137
4508,male,5,0,193
4509,female,5,9,170
4510,other,5,5,181
4511,female,5,6,139
4512,female,5,0,142
4513,female,5,8,158
4514,female,6,0,194
4515,female,5,11,199
4516,male,6,2,162
4517,female,6,2,182
4518,male,5,7,175
4519,male,5,1,166
4520,male,6,8,186
4521,other,6,3,187
4522,male,6,0,152
4523,female,6,4,153
4524,other,6,9,161
4525,female,6,9,143
4526,female,6,4,190
4527,male,5,6,145
4528,female,6,5,162
4529,male,5,11,151
4530,male,6,6,139
4531,male,5,7,177
4532,other,5,1,160
4533,female,6,2,192
4534,other,6,4,157
4535,male,6,3,144
4536,male,6,11,156
4537,female,5,0,162
4538,other,6,6,165
4539,female,6,9,135
4540,female,5,4,178
4541,female,6,1,157
4542,male,6,5,142
4543,female,6,2,162
4544,other,5,4,148
4545,other,6,1,150
4546,male,6,2,149
4547,female,5,1,177
4548,male,6,2,185
4549,other,6,6,155
4550,other,6,0,135
4551,male,5,11,163
4552,male,6,10,159
4553,male,6,8,143
4554,female,5,0,157
4555,male,5,4,130
4556,other,5,7,161
4557,other,6,5,189
4558,male,5,7,199
4559,other,5,9,184
4560,female,5,0,196
4561,female,6,4,159
4562,other,6,9,199
4563,female,6,3,187
4564,female,6,9,186
4565,other,6,4,161
4566,male,6,9,176
4567,male,5,1,176
4568,other,5,6,152
4569,other,6,10,139
4570,male,6,2,183
4571,other,5,10,141
4572,female,6,9,133
4573,female,6,0,178
4574,other,5,9,195
4575,other,5,0,142
4576,male,6,0,141
4577,other,5,8,176
4578,male,6,0,140
4579,female,5,4,191
4580,other,5,7,149
4581,other,5,10,171
4582,other,6,0,155
4583,other,6,9,172
4584,female,6,9,199
4585,female,5,7,195
4586,female,5,9,181
4587,other,6,2,184
4588,female,6,1,170
4589,male,5,9,170
4590,other,5,5,188
4591,other,6,8,193
4592,other,6,4,132
4593,other,5,8,179
4594,female,6,7,196
4595,male,6,9,153
4596,male,5,11,180
4597,male,5,10,174
4598,female,6,9,140
4599,other,6,10,163
4600,female,6,3,158
4601,female,6,9,136
4602,other,5,8,131
4603,male,6,3,161
4604,other,5,7,191
4605,other,5,10,176
4606,male,5,10,146
4607,male,6,9,193
4608,male,5,6,177
4609,other,6,9,163
4610,other,5,2,142
4611,other,6,2,172
4612,female,6,10,149
4613,other,6,1,136
4614,male,5,2,164
4615,other,5,8,175
4616,female,6,7,188
4617,male,6,0,181
4618,female,6,9,198
4619,female,6,0,160
4620,other,6,1,152
4621,male,6,7,159
4622,female,6,4,200
4623,female,6,4,177
4624,male,5,9,138
4625,male,5,9,162
4626,female,5,3,196
4627,other,5,0,145
4628,male,6,4,167
4629,female,5,7,137
4630,male,5,0,178
4631,male,6,1,184
4632,other,6,1,183
4633,male,6,4,144
4634,female,6,4,172
4635,female,6,9,134
4636,female,5,10,141
4637,female,5,7,133
4638,female,5,7,154
4639,other,6,4,139
4640,female,5,11,135
4641,other,5,0,192
4642,other,6,6,164
4643,male,5,8,132
4644,male,6,8,161
4645,female,6,8,158
4646,female,6,6,185
4647,male,5,8,141
4648,other,6,8,149
4649,female,6,1,190
4650,other,5,0,172
4651,other,6,9,189
4652,other,5,10,152
4653,other,6,1,170
4654,other,5,9,175
4655,other,5,11,180
4656,female,5,5,163
4657,other,5,7,158
4658,female,6,0,148
4659,other,6,0,199
4660,male,6,2,193
4661,other,5,3,130
4662,female,5,5,159
4663,male,5,4,130
4664,other,6,7,193
4665,female,6,9,187
4666,other,5,7,169
4667,female,5,3,176
4668,male,5,2,165
4669,other,5,1,184
4670,other,6,10,161
4671,other,5,1,142
4672,other,5,9,187
4673,male,5,11,154
4674,male,5,2,132
4675,male,5,2,198
4676,female,6,9,135
4677,other,5,7,182
4678,male,5,0,186
4679,male,6,2,141
4680,male,6,7,155
4681,other,6,5,181
4682,male,6,6,186
4683,female,5,7,154
4684,male,5,7,177
4685,male,5,0,172
4686,female,6,3,198
4687,male,6,6,148
4688,male,5,0,197
4689,female,6,9,155
4690,other,6,8,178
4691,other,5,6,193
4692,male,6,0,162
4693,female,6,10,134
4694,male,6,11,131
4695,female,5,10,194
4696,other,5,9,170
4697,other,5,10,131
4698,male,6,4,138
4699,other,6,8,172
4700,female,5,11,191
4701,female,5,6,152
4702,female,5,6,130
4703,female,5,10,161
4704,other,6,8,178
4705,female,6,6,199
4706,male,5,0,184
4707,male,6,4,130
4708,male,5,0,159
4709,other,5,9,176
4710,other,5,8,188
4711,male,5,0,159
4712,male,6,8,172
4713,female,6,7,180
4714,other,5,4,149
4715,other,5,5,152
4716,other,5,7,146
4717,other,5,4,152
4718,female,5,1,178
4719,female,6,4,185
4720,female,6,5,196
4721,other,6,2,166
4722,other,6,7,145
4723,male,5,1,142
4724,other,6,6,153
4725,female,6,10,150
4726,male,6,2,182
4727,male,6,6,147
4728,other,6,5,186
4729,other,5,2,188
4730,female,5,9,147
4731,other,6,1,178
4732,female,5,2,184
4733,female,6,10,140
4734,other,6,1,181
4735,other,6,2,154
4736,female,5,7,186
4737,male,5,11,169
4738,male,5,1,152
4739,female,5,11,145
4740,other,5,9,175
4741,male,6,6,148
4742,female,5,4,185
4743,male,6,4,155
4744,female,6,7,158
4745,other,6,0,184
4746,male,5,7,200
4747,female,6,6,192
4748,other,6,8,164
4749,female,5,9,149
4750,male,6,0,142
4751,other,5,6,140
4752,male,6,9,141
4753,male,5,8,192
4754,female,6,4,152
4755,female,6,4,156
4756,other,6,11,159
4757,female,6,9,137
4758,female,5,4,135
4759,other,6,0,194
4760,female,6,1,157
4761,female,5,3,137
4762,male,6,7,171
4763,female,5,6,190
4764,female,5,10,200
4765,other,5,10,156
4766,male,6,4,173
4767,male,5,6,130
4768,male,6,0,195
4769,male,6,10,148
4770,female,5,5,175
4771,male,5,11,181
4772,female,5,10,167
4773,female,5,11,147
4774,other,5,6,156
4775,female,5,10,172
4776,male,5,8,178
4777,male,6,11,145
4778,female,5,9,168
4779,other,6,6,175
4780,other,5,0,189
4781,male,5,1,191
4782,other,6,8,188
4783,other,6,6,155
4784,other,5,9,193
4785,other,5,9,130
4786,male,5,8,186
4787,male,5,3,146
4788,other,5,7,179
4789,other,5,7,191
4790,other,5,2,161
4791,female,5,2,130
4792,female,5,6,140
4793,other,5,8,168
4794,female,6,11,133
4795,female,6,8,186
4796,male,5,7,186
4797,female,5,11,185
4798,female,6,8,149
4799,male,6,10,165
4800,female,6,9,151
4801,male,5,1,186
4802,male,6,4,146
4803,male,6,4,134
4804,female,5,5,174
4805,female,5,6,164
4806,other,5,2,157
4807,other,5,5,148
4808,male,5,11,145
4809,female,6,6,154
4810,male,6,9,183
4811,male,6,8,181
4812,other,6,5,142
4813,female,6,6,148
4814,other,6,2,141
4815,male,5,11,159
4816,other,6,0,141
4817,female,5,10,196
4818,male,5,1,169
4819,male,6,4,195
4820,female,6,4,176
4821,male,5,3,189
4822,other,5,10,152
4823,other,5,8,135
4824,female,6,3,130
4825,male,6,2,188
4826,female,6,6,181
4827,other,6,4,197
4828,female,6,6,191
4829,male,6,2,167
4830,other,6,8,196
4831,male,5,1,175
4832,other,5,8,196
4833,male,5,4,154
4834,other,6,2,161
4835,other,6,6,168
4836,male,5,4,163
4837,other,5,3,148
4838,male,5,10,154
4839,other,6,9,200
4840,male,5,8,158
4841,female,6,6,184
4842,other,5,9,148
4843,female,5,0,185
4844,female,6,7,162
4845,female,6,10,145
4846,female,6,2,145
4847,female,5,7,194
4848,other,6,2,199
4849,female,5,2,145
4850,female,5,9,196
4851,other,6,9,157
4852,other,6,0,166
4853,other,5,4,152
4854,male,6,7,187
4855,male,6,8,155
4856,female,5,10,148
4857,other,6,6,181
4858,other,6,1,157
4859,female,5,3,198
4860,male,6,4,186
4861,other,6,6,154
4862,other,6,10,171
4863,female,6,1,162
4864,other,6,5,189
4865,male,5,11,151
4866,male,5,2,159
4867,other,6,2,145
4868,female,6,11,168
4869,other,5,2,193
4870,female,6,6,179
4871,other,6,7,146
4872,other,5,11,172
4873,female,5,2,199
4874,male,5,5,175
4875,female,6,1,150
4876,female,5,11,150
4877,female,6,5,159
4878,female,6,6,136
4879,other,5,7,140
4880,other,5,3,144
4881,female,5,5,195
4882,other,5,5,158
4883,male,6,5,176
4884,other,5,10,166
4885,female,6,2,192
4886,male,6,10,197
4887,male,5,3,199
4888,male,6,2,188
4889,female,5,0,183
4890,other,5,9,138
4891,female,5,6,183
4892,male,5,5,164
4893,female,6,2,167
4894,other,5,3,192
4895,other,6,7,148
4896,female,5,8,130
4897,female,5,6,167
4898,other,6,6,147
4899,other,6,4,161
4900,other,5,10,169
4901,female,5,5,130
4902,other,5,6,137
4903,female,6,4,196
4904,other,5,10,192
4905,female,5,9,195
4906,female,5,2,153
4907,female,6,3,140
4908,female,5,8,167
4909,male,5,1,174
4910,male,6,0,147
4911,other,6,1,130
4912,female,6,6,146
4913,female,5,3,173
4914,female,5,3,193
4915,female,6,1,133
4916,other,5,8,141
4917,other,6,7,163
4918,other,5,8,189
4919,female,5,10,192
4920,other,6,10,199
4921,female,5,10,171
4922,male,6,3,138
4923,female,5,5,152
4924,female,5,11,178
4925,female,6,9,190
4926,other,5,1,134
4927,female,6,6,180
4928,male,6,10,142
4929,female,5,10,199
4930,female,6,4,144
4931,other,6,7,200
4932,male,6,0,158
4933,male,6,1,144
4934,female,5,4,175
4935,female,6,4,154
4936,male,6,6,149
4937,female,6,0,177
4938,male,6,2,151
4939,other,6,10,168
4940,male,6,3,156
4941,female,5,4,168
4942,female,5,0,168
4943,male,6,2,170
4944,female,5,11,184
4945,other,5,7,179
4946,male,6,7,198
4947,other,5,10,174
4948,other,5,11,143
4949,male,5,9,145
4950,male,6,7,158
4951,other,5,1,183
4952,female,5,3,176
4953,other,6,5,145
4954,female,6,1,198
4955,other,6,4,137
4956,male,6,0,171
4957,male,5,3,163
4958,female,5,2,137
4959,other,5,0,189
4960,male,6,4,150
4961,female,6,10,195
4962,other,5,1,168
4963,female,5,4,141
4964,other,5,7,159
4965,other,6,0,184
4966,male,6,4,156
4967,other,6,11,155
4968,other,6,8,133
4969,male,5,0,138
4970,male,5,9,133
4971,male,6,0,134
4972,other,5,5,191
4973,female,5,1,162
4974,other,6,1,168
4975,male,6,1,191
4976,male,5,3,144
4977,other,6,6,146
4978,male,5,10,193
4979,female,5,1,192
4980,other,5,2,167
4981,other,5,8,132
4982,male,6,9,195
4983,male,6,10,131
4984,other,6,5,135
4985,female,6,11,133
4986,male,5,1,171
4987,female,5,2,177
4988,other,5,3,189
4989,female,6,9,199
4990,male,5,8,161
4991,male,6,9,168
4992,other,5,7,177
4993,female,5,1,169
4994,male,6,2,190
4995,other,5,6,149
4996,other,5,8,152
4997,male,6,3,138
4998,male,6,5,175
4999,other,5,1,198
5000,female,6,11,143
